Age,Gender,MaritalStatus,SmokerStatus,LifeStyle,LanguageSpoken,Education,Race,Nationality,MovingToNewCompany,Occupation,Telco,ResidentialType,NoofDependent,FamilyExpenses_monthly,AnnualSalary,Need1,Need2,PurchasedPlan1,Transport,PurchasedPlan2,MedicalComplication,lat,lon
24,female,single,sometimes,pub_goer,malay,Bachelor,others,Malaysian,yes,employer,umobile,condominium,2,4375,100699,PersonalMedical,KidMedical,COVIDFree,driving,NoMoneyDown,yes,3.204186852,101.7563898
25,male,single,once_in_a_while,pub_goer,english,Bachelor,malay,Malaysian,yes,employer,maxis,condominium,2,5624,140804,PersonalSaving,KidSaving,HomeSafe,driving,NoMoneyDown,no,3.136053154,101.7355844
37,female,single,frequent,pub_goer,english,Bachelor,others,Malaysian,no,selfEmployed,celcom,condominium,2,8154,100971,PersonalRetirement,KidSaving,COVIDFree,publicTransport,NoMoneyDown,no,3.148253084,101.6834873
44,female,married,frequent,pub_goer,malay,Bachelor,malay,Malaysian,no,privateEemployee,digi,condominium,2,7417,169552,PersonalSaving,KidEducation,HomeSafe,driving,KidsEdu,yes,3.194772501,101.7448099
35,female,married,sometimes,pub_goer,mandarin,Diploma,chinese,Malaysian,yes,privateEemployee,celcom,terrace,2,6945,120283,PersonalMedical,KidSaving,COVIDFree,driving,KidsEdu,yes,3.194194815,101.7263385
20,female,single,frequent,home,malay,Bachelor,chinese,others,yes,selfEmployed,maxis,condominium,3,4057,101950,PersonalRetirement,KidEducation,HomeSafe,driving,NoMoneyDown,yes,3.151472383,101.7165072
22,male,married,once_in_a_while,home,mandarin,Bachelor,chinese,Malaysian,no,privateEemployee,umobile,terrace,2,4063,166816,PersonalRetirement,KidSaving,HomeSafe,driving,KidsEdu,no,3.182490725,101.731037
33,male,single,once_in_a_while,outdoor,english,Diploma,indian,Malaysian,yes,govServant,maxis,terrace,2,6789,113634,PersonalRetirement,KidMedical,HomeSafe,driving,NoMoneyDown,no,3.153332023,101.6496644
43,male,single,frequent,home,english,Diploma,others,Malaysian,no,privateEemployee,umobile,terrace,2,7310,68634,PersonalMedical,KidMedical,HomeSafe,driving,NoMoneyDown,no,3.133374593,101.7584311
26,female,married,sometimes,outdoor,malay,Bachelor,chinese,Malaysian,yes,govServant,digi,flat,2,5120,171167,PersonalSaving,KidMedical,HomeSafe,driving,KidsEdu,no,3.173938895,101.6782721
35,female,single,frequent,home,mandarin,Diploma,malay,others,no,selfEmployed,maxis,condominium,2,3973,56103,PersonalMedical,KidMedical,HomeSafe,publicTransport,KidsEdu,yes,3.144421525,101.7559245
25,female,single,sometimes,pub_goer,english,Diploma,others,Malaysian,yes,privateEemployee,maxis,flat,3,2874,61226,PersonalSaving,KidEducation,HomeSafe,publicTransport,KidsEdu,no,3.184626642,101.6640448
37,male,single,frequent,pub_goer,malay,PhD,indian,Malaysian,no,govServant,celcom,terrace,2,9947,197223,PersonalRetirement,KidMedical,HomeSafe,publicTransport,NoMoneyDown,yes,3.091435186,101.6503912
19,female,single,frequent,home,english,Master,indian,Malaysian,no,selfEmployed,maxis,flat,3,5645,78169,PersonalSaving,KidMedical,COVIDFree,driving,KidsEdu,yes,3.202546728,101.6596158
25,female,single,frequent,pub_goer,english,Master,others,others,yes,selfEmployed,maxis,flat,3,4754,129087,PersonalRetirement,KidMedical,HomeSafe,driving,KidsEdu,yes,3.192645489,101.7111455
31,male,single,once_in_a_while,outdoor,malay,Bachelor,chinese,others,no,govServant,digi,flat,2,8857,168525,PersonalSaving,KidEducation,COVIDFree,publicTransport,KidsEdu,yes,3.094132697,101.7025809
40,male,single,frequent,home,english,Master,chinese,others,yes,selfEmployed,umobile,flat,2,8484,136897,PersonalMedical,KidSaving,HomeSafe,driving,KidsEdu,yes,3.129718193,101.7640317
25,male,single,once_in_a_while,outdoor,mandarin,PhD,indian,Malaysian,no,privateEemployee,digi,condominium,2,7333,124050,PersonalRetirement,KidSaving,HomeSafe,driving,NoMoneyDown,yes,3.092356316,101.7317634
21,female,single,sometimes,home,malay,Bachelor,malay,Malaysian,yes,govServant,celcom,condominium,3,7621,115714,PersonalSaving,KidMedical,HomeSafe,publicTransport,KidsEdu,no,3.107068571,101.7295485
35,male,single,frequent,pub_goer,mandarin,Master,malay,Malaysian,yes,employer,umobile,condominium,3,9409,117658,PersonalMedical,KidSaving,COVIDFree,publicTransport,NoMoneyDown,no,3.133541506,101.6626815
24,male,married,once_in_a_while,home,english,PhD,malay,others,yes,govServant,maxis,condominium,2,9993,108309,PersonalMedical,KidEducation,HomeSafe,driving,NoMoneyDown,yes,3.179407391,101.7253308
23,female,married,sometimes,pub_goer,mandarin,Bachelor,indian,Malaysian,yes,selfEmployed,celcom,terrace,3,6551,189410,PersonalMedical,KidMedical,HomeSafe,driving,KidsEdu,yes,3.089884749,101.6345427
33,male,single,once_in_a_while,pub_goer,malay,Diploma,malay,Malaysian,yes,privateEemployee,digi,condominium,3,8258,162888,PersonalRetirement,KidSaving,HomeSafe,publicTransport,NoMoneyDown,no,3.168835008,101.739034
41,male,single,frequent,home,english,Bachelor,chinese,Malaysian,yes,privateEemployee,digi,flat,3,5878,102055,PersonalSaving,KidMedical,HomeSafe,publicTransport,KidsEdu,no,3.099234546,101.6388192
30,female,single,frequent,pub_goer,mandarin,Diploma,chinese,others,yes,govServant,digi,condominium,2,5272,187505,PersonalSaving,KidEducation,COVIDFree,driving,NoMoneyDown,yes,3.185900164,101.6326541
26,male,single,frequent,home,malay,Master,chinese,Malaysian,no,privateEemployee,digi,terrace,2,9547,129022,PersonalMedical,KidEducation,COVIDFree,driving,KidsEdu,yes,3.173120378,101.6660151
40,male,married,frequent,home,malay,Diploma,malay,others,yes,privateEemployee,celcom,condominium,3,6293,183701,PersonalRetirement,KidEducation,HomeSafe,publicTransport,NoMoneyDown,yes,3.088242888,101.7569999
44,female,married,frequent,home,english,Master,chinese,Malaysian,yes,employer,digi,flat,2,10160,133018,PersonalMedical,KidMedical,COVIDFree,driving,KidsEdu,yes,3.168779711,101.6445272
29,male,married,frequent,outdoor,mandarin,Diploma,others,Malaysian,yes,govServant,umobile,flat,3,7072,169446,PersonalSaving,KidSaving,COVIDFree,driving,KidsEdu,yes,3.132509436,101.7173647
27,female,married,once_in_a_while,pub_goer,malay,PhD,others,Malaysian,yes,employer,umobile,terrace,3,2548,75585,PersonalSaving,KidEducation,HomeSafe,driving,KidsEdu,no,3.100000955,101.6565662
34,male,single,frequent,home,mandarin,Bachelor,indian,Malaysian,yes,privateEemployee,umobile,terrace,2,8053,142678,PersonalMedical,KidEducation,HomeSafe,driving,KidsEdu,yes,3.21668231,101.6577858
24,male,single,frequent,outdoor,malay,Diploma,others,Malaysian,yes,govServant,umobile,flat,3,3370,186772,PersonalSaving,KidEducation,HomeSafe,driving,KidsEdu,no,3.21290229,101.7290105
30,female,married,frequent,outdoor,malay,Diploma,chinese,Malaysian,no,selfEmployed,digi,flat,3,10288,146109,PersonalMedical,KidMedical,HomeSafe,driving,KidsEdu,no,3.145365372,101.6683571
22,female,married,once_in_a_while,home,english,Master,indian,Malaysian,no,govServant,maxis,terrace,2,5521,107594,PersonalSaving,KidEducation,HomeSafe,publicTransport,NoMoneyDown,yes,3.210396282,101.6574891
25,female,married,once_in_a_while,home,mandarin,Bachelor,indian,Malaysian,no,privateEemployee,celcom,terrace,2,6486,80635,PersonalSaving,KidEducation,HomeSafe,publicTransport,KidsEdu,yes,3.104667316,101.667526
38,female,married,frequent,home,malay,Diploma,others,Malaysian,no,privateEemployee,digi,flat,2,7332,134181,PersonalMedical,KidSaving,HomeSafe,publicTransport,NoMoneyDown,no,3.148799905,101.7038848
42,male,single,frequent,home,english,Bachelor,indian,Malaysian,yes,selfEmployed,maxis,condominium,3,4569,156442,PersonalRetirement,KidMedical,HomeSafe,publicTransport,KidsEdu,no,3.183912595,101.7106474
27,male,married,frequent,home,english,Diploma,indian,Malaysian,yes,govServant,celcom,condominium,3,7695,86799,PersonalSaving,KidMedical,HomeSafe,publicTransport,KidsEdu,yes,3.185815944,101.7435369
31,male,single,sometimes,home,english,Bachelor,chinese,others,no,employer,maxis,flat,2,8062,146922,PersonalRetirement,KidMedical,HomeSafe,publicTransport,KidsEdu,no,3.110370195,101.7620594
23,male,single,frequent,pub_goer,malay,Bachelor,chinese,others,yes,privateEemployee,umobile,bungalow,2,5007,176493,PersonalMedical,KidMedical,HomeSafe,driving,NoMoneyDown,no,3.156672228,101.6434563
32,female,married,frequent,home,english,Diploma,indian,Malaysian,yes,privateEemployee,celcom,flat,2,8333,186146,PersonalMedical,KidEducation,HomeSafe,driving,KidsEdu,yes,3.111896703,101.6979372
31,male,married,once_in_a_while,pub_goer,english,Diploma,malay,others,yes,privateEemployee,maxis,condominium,2,6695,63386,PersonalMedical,KidMedical,HomeSafe,publicTransport,KidsEdu,yes,3.134812106,101.7588171
27,male,married,sometimes,home,english,Bachelor,chinese,others,no,privateEemployee,celcom,terrace,3,9050,139764,PersonalSaving,KidMedical,COVIDFree,driving,KidsEdu,yes,3.203980528,101.7428495
39,female,single,sometimes,outdoor,mandarin,Master,indian,Malaysian,no,privateEemployee,digi,terrace,2,3914,182680,PersonalRetirement,KidEducation,COVIDFree,publicTransport,KidsEdu,yes,3.112016963,101.719152
24,female,married,frequent,home,english,Master,others,Malaysian,yes,privateEemployee,umobile,terrace,3,10067,69513,PersonalSaving,KidSaving,HomeSafe,driving,NoMoneyDown,yes,3.102024424,101.7358142
27,female,single,frequent,pub_goer,english,Bachelor,indian,Malaysian,yes,privateEemployee,digi,flat,2,2836,78555,PersonalSaving,KidMedical,COVIDFree,publicTransport,KidsEdu,no,3.12343207,101.6785076
21,male,single,once_in_a_while,pub_goer,malay,Diploma,malay,Malaysian,no,employer,digi,condominium,3,2605,195326,PersonalRetirement,KidEducation,COVIDFree,driving,KidsEdu,yes,3.213848966,101.6797614
29,male,single,frequent,home,english,Master,malay,Malaysian,yes,privateEemployee,digi,bungalow,3,2582,66892,PersonalMedical,KidEducation,HomeSafe,driving,NoMoneyDown,no,3.092887562,101.6740333
28,male,single,frequent,outdoor,english,Bachelor,chinese,Malaysian,yes,govServant,celcom,terrace,3,7046,55037,PersonalRetirement,KidEducation,HomeSafe,driving,KidsEdu,yes,3.174242657,101.6398496
21,male,single,frequent,outdoor,malay,Bachelor,malay,Malaysian,yes,privateEemployee,digi,condominium,2,4660,118180,PersonalSaving,KidEducation,HomeSafe,driving,KidsEdu,yes,3.161289788,101.628692
34,male,single,frequent,pub_goer,english,Master,malay,Malaysian,yes,govServant,umobile,bungalow,3,4705,114148,PersonalRetirement,KidEducation,COVIDFree,publicTransport,KidsEdu,no,3.091753212,101.6354201
23,male,single,frequent,pub_goer,malay,Bachelor,malay,Malaysian,yes,selfEmployed,celcom,flat,3,5235,184367,PersonalSaving,KidSaving,HomeSafe,publicTransport,KidsEdu,yes,3.188554956,101.7138289
32,female,married,frequent,outdoor,english,PhD,malay,Malaysian,yes,selfEmployed,umobile,terrace,2,9821,129630,PersonalMedical,KidEducation,COVIDFree,publicTransport,NoMoneyDown,no,3.138412278,101.6958003
23,male,married,sometimes,pub_goer,malay,Bachelor,malay,Malaysian,yes,govServant,maxis,condominium,2,4992,168867,PersonalSaving,KidMedical,COVIDFree,driving,KidsEdu,no,3.097841024,101.7509131
22,female,single,once_in_a_while,home,malay,Diploma,malay,Malaysian,yes,privateEemployee,maxis,condominium,2,9821,109090,PersonalRetirement,KidMedical,COVIDFree,driving,KidsEdu,no,3.195966858,101.6933897
20,female,single,frequent,outdoor,malay,Bachelor,malay,others,no,govServant,celcom,flat,2,4139,169872,PersonalSaving,KidEducation,COVIDFree,driving,KidsEdu,yes,3.159243239,101.7414288
25,male,single,once_in_a_while,outdoor,english,Bachelor,malay,Malaysian,yes,govServant,maxis,terrace,3,3267,100235,PersonalRetirement,KidSaving,HomeSafe,driving,KidsEdu,yes,3.089598418,101.6348626
26,female,single,frequent,pub_goer,english,Bachelor,malay,Malaysian,yes,employer,umobile,flat,3,6363,68298,PersonalRetirement,KidEducation,HomeSafe,publicTransport,KidsEdu,yes,3.200031843,101.7616295
29,female,single,frequent,pub_goer,mandarin,Bachelor,chinese,others,no,govServant,umobile,condominium,3,5348,113593,PersonalSaving,KidSaving,HomeSafe,driving,NoMoneyDown,no,3.169987044,101.6954762
30,male,married,frequent,home,malay,Bachelor,malay,Malaysian,yes,govServant,celcom,condominium,2,4473,179703,PersonalMedical,KidEducation,HomeSafe,driving,KidsEdu,yes,3.14223092,101.6354147
30,male,married,frequent,pub_goer,malay,Master,malay,Malaysian,yes,employer,digi,condominium,3,7458,50868,PersonalRetirement,KidSaving,HomeSafe,publicTransport,KidsEdu,no,3.178700975,101.7549266
25,male,married,once_in_a_while,home,malay,Master,indian,Malaysian,yes,privateEemployee,digi,terrace,2,7381,106408,PersonalRetirement,KidSaving,COVIDFree,publicTransport,NoMoneyDown,yes,3.1111675,101.7484234
23,male,married,sometimes,pub_goer,mandarin,Bachelor,others,Malaysian,yes,govServant,digi,condominium,3,8477,159335,PersonalMedical,KidEducation,COVIDFree,publicTransport,KidsEdu,yes,3.092462806,101.7055952
40,female,married,frequent,outdoor,mandarin,Bachelor,others,Malaysian,no,privateEemployee,digi,condominium,2,7557,170384,PersonalSaving,KidEducation,HomeSafe,publicTransport,NoMoneyDown,no,3.159883856,101.7361864
41,male,married,frequent,pub_goer,mandarin,Master,others,Malaysian,no,privateEemployee,digi,flat,2,7840,111555,PersonalSaving,KidMedical,COVIDFree,driving,NoMoneyDown,no,3.152280912,101.6670427
26,male,single,once_in_a_while,home,english,Bachelor,others,Malaysian,no,govServant,maxis,flat,2,6933,183473,PersonalMedical,KidMedical,HomeSafe,driving,KidsEdu,yes,3.151823497,101.6721674
31,male,single,frequent,home,english,Bachelor,indian,Malaysian,yes,govServant,digi,condominium,2,4329,55410,PersonalMedical,KidMedical,HomeSafe,publicTransport,NoMoneyDown,yes,3.217404303,101.6915648
35,male,single,frequent,outdoor,mandarin,Master,malay,Malaysian,no,govServant,umobile,flat,2,4855,155360,PersonalRetirement,KidMedical,COVIDFree,driving,KidsEdu,no,3.102607373,101.7390951
24,female,married,frequent,pub_goer,english,Bachelor,malay,Malaysian,no,privateEemployee,celcom,terrace,2,3333,77933,PersonalMedical,KidMedical,HomeSafe,driving,NoMoneyDown,yes,3.137989977,101.7343143
33,female,single,frequent,home,malay,Master,indian,Malaysian,no,govServant,celcom,condominium,2,3591,160610,PersonalRetirement,KidEducation,HomeSafe,publicTransport,NoMoneyDown,no,3.107143049,101.6895126
25,male,married,frequent,outdoor,malay,Diploma,others,Malaysian,no,privateEemployee,maxis,flat,2,8237,141866,PersonalMedical,KidEducation,COVIDFree,driving,NoMoneyDown,no,3.14922314,101.6427849
42,female,married,once_in_a_while,pub_goer,mandarin,Bachelor,chinese,Malaysian,yes,govServant,umobile,bungalow,2,8815,62816,PersonalSaving,KidMedical,HomeSafe,driving,NoMoneyDown,yes,3.188912812,101.6530445
27,male,single,frequent,outdoor,english,Bachelor,chinese,Malaysian,no,employer,digi,bungalow,2,2527,48826,PersonalSaving,KidEducation,HomeSafe,publicTransport,KidsEdu,yes,3.176729103,101.7330143
22,male,married,frequent,home,malay,Bachelor,malay,others,no,privateEemployee,digi,terrace,2,5065,134429,PersonalMedical,KidEducation,COVIDFree,driving,NoMoneyDown,no,3.086279379,101.677855
18,male,single,frequent,home,english,Master,malay,Malaysian,yes,govServant,maxis,terrace,2,5937,58380,PersonalMedical,KidEducation,COVIDFree,driving,KidsEdu,yes,3.190293654,101.6915064
26,male,single,once_in_a_while,pub_goer,english,PhD,others,Malaysian,yes,employer,maxis,terrace,2,5176,168103,PersonalSaving,KidEducation,COVIDFree,driving,KidsEdu,yes,3.201588405,101.6371397
38,male,single,frequent,home,malay,Bachelor,indian,Malaysian,yes,selfEmployed,celcom,condominium,2,6349,159892,PersonalMedical,KidSaving,HomeSafe,driving,KidsEdu,no,3.175596922,101.7307304
41,male,single,frequent,pub_goer,malay,Bachelor,chinese,Malaysian,yes,employer,umobile,terrace,3,2862,95977,PersonalMedical,KidMedical,COVIDFree,publicTransport,NoMoneyDown,no,3.149089063,101.7626374
31,male,single,sometimes,home,english,Bachelor,indian,others,yes,privateEemployee,maxis,terrace,2,4646,165310,PersonalSaving,KidMedical,COVIDFree,driving,NoMoneyDown,yes,3.142175903,101.6559332
37,male,married,sometimes,pub_goer,mandarin,Bachelor,others,Malaysian,yes,privateEemployee,digi,flat,2,2827,78050,PersonalRetirement,KidEducation,COVIDFree,driving,KidsEdu,yes,3.198559729,101.6878663
22,female,single,sometimes,home,mandarin,PhD,indian,Malaysian,no,selfEmployed,umobile,flat,2,4782,184593,PersonalSaving,KidEducation,HomeSafe,publicTransport,NoMoneyDown,yes,3.132220886,101.759936
37,male,married,once_in_a_while,home,malay,Bachelor,malay,Malaysian,no,employer,maxis,terrace,2,4243,86297,PersonalSaving,KidMedical,COVIDFree,driving,KidsEdu,yes,3.089447654,101.7254877
35,male,single,frequent,pub_goer,malay,Bachelor,chinese,others,yes,selfEmployed,maxis,bungalow,2,7613,188187,PersonalSaving,KidSaving,COVIDFree,publicTransport,KidsEdu,yes,3.131579387,101.6760624
21,male,single,once_in_a_while,pub_goer,malay,Bachelor,indian,Malaysian,no,privateEemployee,digi,condominium,3,8867,137672,PersonalMedical,KidEducation,HomeSafe,publicTransport,KidsEdu,no,3.153647612,101.6348704
42,female,single,once_in_a_while,home,malay,Bachelor,chinese,others,yes,privateEemployee,celcom,bungalow,3,9353,92288,PersonalRetirement,KidMedical,COVIDFree,publicTransport,NoMoneyDown,yes,3.123243694,101.6982042
31,male,married,sometimes,home,english,Master,indian,others,yes,privateEemployee,digi,terrace,2,6758,74906,PersonalRetirement,KidMedical,HomeSafe,driving,NoMoneyDown,no,3.181767626,101.6831886
26,male,single,frequent,home,english,Bachelor,malay,Malaysian,yes,privateEemployee,maxis,terrace,2,4705,162577,PersonalMedical,KidMedical,HomeSafe,driving,NoMoneyDown,yes,3.20482664,101.7199473
32,male,married,frequent,home,english,Bachelor,chinese,Malaysian,no,selfEmployed,digi,bungalow,2,4742,172680,PersonalRetirement,KidSaving,COVIDFree,driving,NoMoneyDown,no,3.146843244,101.6757165
39,male,married,frequent,outdoor,english,Bachelor,others,Malaysian,yes,govServant,maxis,condominium,2,4178,69704,PersonalRetirement,KidEducation,COVIDFree,publicTransport,KidsEdu,yes,3.165670894,101.7143751
20,female,single,sometimes,home,english,Bachelor,others,others,yes,employer,umobile,terrace,2,3510,176741,PersonalMedical,KidMedical,COVIDFree,publicTransport,NoMoneyDown,yes,3.19082268,101.728334
29,female,married,frequent,pub_goer,malay,Bachelor,malay,Malaysian,no,privateEemployee,celcom,bungalow,2,6833,99353,PersonalSaving,KidEducation,HomeSafe,publicTransport,KidsEdu,no,3.159371707,101.6528396
37,female,single,sometimes,pub_goer,english,Diploma,chinese,Malaysian,yes,govServant,digi,flat,2,5801,110518,PersonalRetirement,KidEducation,HomeSafe,publicTransport,KidsEdu,yes,3.104311164,101.65006
27,male,single,sometimes,outdoor,english,Bachelor,others,Malaysian,yes,selfEmployed,digi,terrace,2,8266,64499,PersonalMedical,KidMedical,HomeSafe,driving,KidsEdu,no,3.138402242,101.7088792
22,male,married,frequent,pub_goer,mandarin,Bachelor,chinese,Malaysian,yes,privateEemployee,digi,flat,2,7981,105280,PersonalSaving,KidSaving,HomeSafe,driving,KidsEdu,yes,3.10830537,101.7219669
20,male,married,once_in_a_while,pub_goer,malay,Bachelor,others,others,no,govServant,maxis,flat,2,2982,157511,PersonalMedical,KidSaving,HomeSafe,driving,KidsEdu,yes,3.101591797,101.7509803
27,male,married,sometimes,home,malay,Bachelor,chinese,others,yes,privateEemployee,digi,terrace,2,6553,97343,PersonalSaving,KidMedical,COVIDFree,driving,KidsEdu,no,3.096846758,101.6947236
24,male,single,sometimes,outdoor,malay,Diploma,chinese,Malaysian,no,privateEemployee,maxis,flat,2,3341,136503,PersonalMedical,KidEducation,COVIDFree,driving,KidsEdu,no,3.150208576,101.6784571
21,female,married,once_in_a_while,home,mandarin,Bachelor,others,others,no,govServant,celcom,terrace,2,9469,133540,PersonalRetirement,KidMedical,HomeSafe,driving,KidsEdu,no,3.175200743,101.7582706
26,female,single,frequent,home,malay,Bachelor,chinese,Malaysian,yes,govServant,umobile,bungalow,2,4016,119503,PersonalSaving,KidMedical,COVIDFree,driving,KidsEdu,no,3.165563036,101.7072929
31,male,married,sometimes,outdoor,malay,Bachelor,chinese,Malaysian,yes,selfEmployed,celcom,condominium,2,2818,133767,PersonalMedical,KidMedical,HomeSafe,driving,KidsEdu,yes,3.127973769,101.710305
24,female,married,sometimes,home,malay,Bachelor,indian,Malaysian,yes,selfEmployed,umobile,terrace,2,10025,124260,PersonalMedical,KidEducation,COVIDFree,driving,KidsEdu,yes,3.125247031,101.635401
22,female,married,frequent,pub_goer,english,Bachelor,malay,Malaysian,yes,selfEmployed,digi,flat,2,3356,178012,PersonalMedical,KidEducation,HomeSafe,driving,KidsEdu,yes,3.113403413,101.7222923
21,male,single,once_in_a_while,home,malay,Bachelor,indian,others,yes,privateEemployee,maxis,condominium,2,8487,82097,PersonalRetirement,KidEducation,COVIDFree,driving,KidsEdu,yes,3.169295186,101.7499883
18,female,single,once_in_a_while,pub_goer,mandarin,Bachelor,indian,Malaysian,no,selfEmployed,celcom,terrace,2,2763,184047,PersonalMedical,KidMedical,HomeSafe,driving,KidsEdu,yes,3.199827449,101.7093529
28,male,married,sometimes,pub_goer,malay,Diploma,malay,Malaysian,no,selfEmployed,digi,condominium,2,6798,196298,PersonalSaving,KidSaving,HomeSafe,driving,KidsEdu,no,3.192181651,101.7409326
43,male,single,once_in_a_while,outdoor,mandarin,Master,chinese,Malaysian,yes,privateEemployee,maxis,flat,2,6734,110433,PersonalSaving,KidMedical,COVIDFree,driving,NoMoneyDown,no,3.182111461,101.6495425
43,male,single,frequent,pub_goer,english,Bachelor,others,Malaysian,yes,govServant,celcom,terrace,2,4757,70035,PersonalMedical,KidEducation,COVIDFree,publicTransport,KidsEdu,yes,3.205853526,101.6751987
28,male,married,frequent,pub_goer,malay,Diploma,indian,Malaysian,no,privateEemployee,umobile,condominium,2,6691,169727,PersonalRetirement,KidEducation,COVIDFree,driving,KidsEdu,yes,3.163087608,101.7666032
31,male,single,sometimes,home,malay,Master,indian,Malaysian,yes,selfEmployed,celcom,flat,2,9257,179251,PersonalRetirement,KidEducation,COVIDFree,publicTransport,KidsEdu,no,3.206148693,101.711271
44,female,single,frequent,pub_goer,english,Bachelor,malay,Malaysian,no,privateEemployee,maxis,flat,2,3918,140443,PersonalMedical,KidEducation,HomeSafe,driving,KidsEdu,no,3.185008893,101.7369699
43,male,single,frequent,home,mandarin,Bachelor,others,Malaysian,no,privateEemployee,digi,condominium,2,8174,139320,PersonalMedical,KidEducation,HomeSafe,driving,KidsEdu,no,3.204991514,101.6980499
29,male,married,sometimes,home,mandarin,Bachelor,chinese,Malaysian,no,selfEmployed,umobile,condominium,2,9937,174703,PersonalMedical,KidEducation,COVIDFree,driving,NoMoneyDown,yes,3.087815057,101.6497199
41,male,married,sometimes,pub_goer,english,Bachelor,malay,Malaysian,no,govServant,digi,flat,3,3795,68819,PersonalMedical,KidSaving,COVIDFree,driving,NoMoneyDown,no,3.20092097,101.7275403
42,male,married,frequent,home,malay,Diploma,chinese,Malaysian,yes,employer,maxis,flat,2,6175,165203,PersonalSaving,KidMedical,HomeSafe,driving,NoMoneyDown,yes,3.141144147,101.6436839
39,male,single,sometimes,pub_goer,malay,Bachelor,others,Malaysian,yes,govServant,digi,flat,2,3143,116531,PersonalRetirement,KidEducation,HomeSafe,publicTransport,NoMoneyDown,yes,3.168569746,101.7071941
34,male,single,frequent,pub_goer,mandarin,Bachelor,others,others,no,privateEemployee,maxis,condominium,2,10431,161681,PersonalMedical,KidMedical,COVIDFree,driving,NoMoneyDown,yes,3.125536854,101.6396759
24,male,married,sometimes,outdoor,malay,Bachelor,chinese,Malaysian,yes,govServant,digi,condominium,2,4032,138622,PersonalSaving,KidEducation,HomeSafe,publicTransport,KidsEdu,yes,3.107197875,101.7398872
18,female,single,sometimes,outdoor,english,Diploma,chinese,others,yes,privateEemployee,celcom,condominium,2,3443,70753,PersonalMedical,KidEducation,COVIDFree,driving,KidsEdu,yes,3.087949425,101.6765165
39,male,married,sometimes,pub_goer,english,Bachelor,chinese,Malaysian,yes,selfEmployed,celcom,condominium,3,6616,173059,PersonalMedical,KidEducation,HomeSafe,driving,KidsEdu,yes,3.135144418,101.6599343
24,male,married,frequent,outdoor,mandarin,Diploma,others,Malaysian,no,govServant,umobile,terrace,2,10081,148591,PersonalMedical,KidSaving,COVIDFree,driving,NoMoneyDown,no,3.195006593,101.7105501
26,male,single,once_in_a_while,pub_goer,malay,Master,malay,Malaysian,no,privateEemployee,maxis,bungalow,2,7567,72797,PersonalSaving,KidMedical,HomeSafe,driving,KidsEdu,yes,3.107249315,101.6539275
42,male,single,once_in_a_while,outdoor,malay,PhD,others,Malaysian,yes,govServant,celcom,flat,2,5467,173939,PersonalRetirement,KidMedical,HomeSafe,driving,KidsEdu,yes,3.170550641,101.6897787
25,male,married,once_in_a_while,home,mandarin,Bachelor,indian,Malaysian,no,govServant,digi,flat,3,4023,121181,PersonalSaving,KidMedical,COVIDFree,driving,KidsEdu,no,3.091090936,101.7174194
38,female,single,frequent,outdoor,english,Bachelor,chinese,Malaysian,yes,govServant,celcom,condominium,3,8133,142894,PersonalMedical,KidMedical,HomeSafe,publicTransport,NoMoneyDown,no,3.103679633,101.7168154
25,male,single,sometimes,home,english,Bachelor,malay,Malaysian,yes,employer,celcom,flat,2,3984,100560,PersonalSaving,KidMedical,HomeSafe,publicTransport,NoMoneyDown,yes,3.192620842,101.6939276
34,female,married,frequent,home,malay,Diploma,chinese,Malaysian,no,govServant,celcom,flat,2,3241,61480,PersonalRetirement,KidMedical,HomeSafe,driving,KidsEdu,no,3.204666102,101.7054472
40,female,married,sometimes,home,english,Diploma,others,others,no,govServant,digi,flat,2,5251,176106,PersonalRetirement,KidSaving,COVIDFree,driving,NoMoneyDown,yes,3.085254589,101.643096
42,female,married,sometimes,pub_goer,english,Master,malay,Malaysian,no,privateEemployee,maxis,terrace,2,9754,174018,PersonalRetirement,KidSaving,HomeSafe,driving,KidsEdu,yes,3.123742386,101.7001483
40,male,married,frequent,outdoor,english,Diploma,malay,Malaysian,no,govServant,digi,flat,2,4114,198711,PersonalSaving,KidEducation,HomeSafe,driving,KidsEdu,no,3.118538353,101.737144
41,female,married,sometimes,pub_goer,english,Bachelor,chinese,Malaysian,yes,privateEemployee,digi,condominium,2,6035,157903,PersonalMedical,KidMedical,HomeSafe,publicTransport,KidsEdu,no,3.139043595,101.6422763
19,male,married,frequent,home,english,Master,indian,others,yes,privateEemployee,umobile,terrace,3,5627,85712,PersonalMedical,KidSaving,HomeSafe,publicTransport,KidsEdu,yes,3.150963573,101.7358375
21,male,married,frequent,pub_goer,malay,Bachelor,malay,Malaysian,yes,privateEemployee,maxis,terrace,2,8774,174661,PersonalRetirement,KidSaving,HomeSafe,driving,KidsEdu,no,3.11731777,101.6893219
25,female,single,frequent,outdoor,malay,PhD,chinese,Malaysian,no,privateEemployee,umobile,terrace,2,4463,98900,PersonalRetirement,KidMedical,HomeSafe,driving,KidsEdu,no,3.166548207,101.7297205
26,male,single,sometimes,home,malay,PhD,chinese,Malaysian,yes,selfEmployed,digi,flat,2,8557,82801,PersonalRetirement,KidMedical,COVIDFree,publicTransport,KidsEdu,yes,3.124253202,101.6808531
38,male,single,frequent,pub_goer,malay,Bachelor,others,Malaysian,no,govServant,umobile,condominium,2,8358,150441,PersonalMedical,KidEducation,HomeSafe,driving,NoMoneyDown,yes,3.135090317,101.6467978
30,female,single,once_in_a_while,home,malay,Bachelor,indian,Malaysian,yes,govServant,maxis,terrace,2,3563,122674,PersonalRetirement,KidMedical,HomeSafe,publicTransport,KidsEdu,yes,3.208783588,101.6922875
25,male,single,once_in_a_while,pub_goer,malay,Master,chinese,Malaysian,no,govServant,maxis,flat,2,3406,113923,PersonalMedical,KidMedical,COVIDFree,driving,KidsEdu,yes,3.217704146,101.7178372
18,male,single,sometimes,pub_goer,english,Bachelor,indian,Malaysian,yes,govServant,umobile,flat,2,9982,146226,PersonalRetirement,KidSaving,HomeSafe,publicTransport,KidsEdu,yes,3.142563299,101.7496234
28,male,single,frequent,home,malay,Bachelor,malay,Malaysian,yes,selfEmployed,digi,flat,2,3699,99015,PersonalMedical,KidEducation,COVIDFree,driving,NoMoneyDown,no,3.183088019,101.7409136
43,female,single,sometimes,pub_goer,english,Bachelor,indian,others,yes,privateEemployee,celcom,terrace,2,9299,193860,PersonalSaving,KidSaving,HomeSafe,publicTransport,NoMoneyDown,yes,3.122427219,101.7557874
30,male,married,sometimes,home,mandarin,Bachelor,others,others,yes,selfEmployed,celcom,flat,2,10227,163724,PersonalMedical,KidMedical,COVIDFree,driving,KidsEdu,yes,3.14285469,101.6784278
27,female,married,sometimes,outdoor,english,Bachelor,chinese,others,yes,govServant,celcom,terrace,3,8770,59881,PersonalMedical,KidMedical,COVIDFree,driving,KidsEdu,no,3.128534729,101.6973636
41,male,single,frequent,outdoor,malay,Bachelor,others,Malaysian,no,govServant,maxis,flat,2,3192,78341,PersonalMedical,KidEducation,HomeSafe,publicTransport,NoMoneyDown,yes,3.086750941,101.7467582
39,female,single,sometimes,pub_goer,english,Master,indian,Malaysian,yes,privateEemployee,maxis,terrace,3,6142,99621,PersonalRetirement,KidMedical,HomeSafe,driving,NoMoneyDown,yes,3.144098718,101.7396391
22,female,married,frequent,pub_goer,english,Master,indian,Malaysian,yes,employer,digi,flat,2,7837,57961,PersonalRetirement,KidMedical,COVIDFree,driving,KidsEdu,yes,3.134170888,101.6440792
22,female,married,frequent,pub_goer,malay,Bachelor,malay,Malaysian,no,privateEemployee,maxis,flat,2,8844,173511,PersonalMedical,KidSaving,COVIDFree,publicTransport,NoMoneyDown,yes,3.155038682,101.6717018
42,male,single,once_in_a_while,outdoor,english,Bachelor,others,Malaysian,yes,privateEemployee,celcom,terrace,2,4858,83499,PersonalSaving,KidEducation,COVIDFree,driving,KidsEdu,no,3.198526872,101.7347583
25,male,married,once_in_a_while,home,malay,Master,others,Malaysian,no,privateEemployee,maxis,terrace,2,9160,57142,PersonalSaving,KidEducation,HomeSafe,publicTransport,NoMoneyDown,yes,3.146497345,101.7214644
42,male,married,frequent,home,malay,Bachelor,malay,Malaysian,yes,privateEemployee,celcom,terrace,2,8312,117954,PersonalRetirement,KidEducation,COVIDFree,driving,KidsEdu,no,3.199676802,101.7572015
27,female,single,frequent,pub_goer,english,Bachelor,malay,Malaysian,yes,privateEemployee,maxis,condominium,2,7359,164131,PersonalSaving,KidEducation,HomeSafe,driving,KidsEdu,yes,3.106174977,101.7155838
36,male,married,sometimes,pub_goer,english,Bachelor,malay,Malaysian,yes,privateEemployee,digi,terrace,2,2537,192883,PersonalRetirement,KidMedical,COVIDFree,driving,KidsEdu,yes,3.15657321,101.7136294
38,male,single,once_in_a_while,pub_goer,english,Master,chinese,Malaysian,yes,govServant,celcom,bungalow,2,7112,83235,PersonalSaving,KidSaving,HomeSafe,publicTransport,NoMoneyDown,yes,3.159082354,101.7419201
18,male,single,frequent,pub_goer,malay,Bachelor,chinese,Malaysian,yes,privateEemployee,maxis,condominium,2,6592,116286,PersonalMedical,KidEducation,HomeSafe,driving,KidsEdu,yes,3.188777803,101.6968664
34,male,single,frequent,outdoor,mandarin,PhD,indian,others,no,selfEmployed,digi,terrace,2,8485,106147,PersonalMedical,KidEducation,HomeSafe,driving,KidsEdu,no,3.144679279,101.6376503
33,male,single,sometimes,home,malay,Bachelor,others,Malaysian,no,govServant,digi,condominium,2,9901,93812,PersonalRetirement,KidSaving,COVIDFree,driving,NoMoneyDown,yes,3.114985761,101.6877127
20,female,married,frequent,home,english,Bachelor,malay,Malaysian,yes,selfEmployed,digi,terrace,2,4436,71913,PersonalSaving,KidSaving,COVIDFree,publicTransport,NoMoneyDown,no,3.165470965,101.6830329
28,female,married,once_in_a_while,pub_goer,english,Bachelor,malay,Malaysian,yes,selfEmployed,digi,condominium,2,10114,122726,PersonalSaving,KidSaving,HomeSafe,publicTransport,KidsEdu,yes,3.138691816,101.6849576
43,female,single,once_in_a_while,outdoor,malay,Master,chinese,others,yes,employer,digi,terrace,2,3420,128173,PersonalRetirement,KidEducation,COVIDFree,driving,NoMoneyDown,yes,3.08907782,101.6704599
42,male,married,once_in_a_while,home,malay,Master,malay,others,yes,govServant,celcom,terrace,2,8587,158295,PersonalRetirement,KidMedical,HomeSafe,driving,NoMoneyDown,yes,3.088332245,101.7394534
27,female,married,sometimes,home,english,Master,chinese,Malaysian,yes,selfEmployed,maxis,terrace,2,5588,146070,PersonalRetirement,KidSaving,COVIDFree,driving,NoMoneyDown,yes,3.117240317,101.7163685
43,male,married,sometimes,pub_goer,english,Bachelor,indian,Malaysian,no,govServant,umobile,terrace,2,8992,130174,PersonalMedical,KidEducation,HomeSafe,driving,KidsEdu,yes,3.168868507,101.6685161
32,male,single,once_in_a_while,pub_goer,mandarin,Bachelor,chinese,Malaysian,no,privateEemployee,digi,terrace,2,6159,48610,PersonalRetirement,KidMedical,COVIDFree,driving,KidsEdu,yes,3.096737414,101.6992336
27,female,single,frequent,home,english,Bachelor,others,Malaysian,yes,govServant,celcom,condominium,2,6251,159984,PersonalSaving,KidMedical,COVIDFree,driving,KidsEdu,yes,3.132600575,101.6835002
23,male,married,sometimes,pub_goer,english,Master,malay,Malaysian,yes,govServant,maxis,terrace,2,7097,93003,PersonalMedical,KidMedical,HomeSafe,driving,KidsEdu,no,3.184820035,101.7202439
42,female,married,once_in_a_while,home,mandarin,Bachelor,chinese,Malaysian,yes,selfEmployed,celcom,flat,2,2591,72604,PersonalRetirement,KidMedical,COVIDFree,driving,NoMoneyDown,no,3.160157726,101.7313951
33,female,married,sometimes,home,english,Bachelor,malay,Malaysian,no,govServant,celcom,condominium,2,8096,121394,PersonalSaving,KidMedical,HomeSafe,driving,NoMoneyDown,no,3.113815975,101.6747451
35,male,married,sometimes,pub_goer,mandarin,Bachelor,indian,Malaysian,no,govServant,digi,condominium,2,8251,193606,PersonalMedical,KidSaving,HomeSafe,driving,KidsEdu,no,3.124959275,101.7249467
22,male,single,frequent,outdoor,mandarin,Bachelor,others,Malaysian,no,selfEmployed,umobile,terrace,2,4894,148964,PersonalRetirement,KidEducation,COVIDFree,driving,KidsEdu,yes,3.1906241,101.6293675
20,female,single,frequent,home,malay,Bachelor,malay,others,yes,privateEemployee,digi,bungalow,2,10149,180841,PersonalMedical,KidMedical,COVIDFree,publicTransport,NoMoneyDown,no,3.093675615,101.6749889
18,male,single,sometimes,home,mandarin,Bachelor,indian,Malaysian,yes,privateEemployee,celcom,terrace,2,6966,147829,PersonalMedical,KidSaving,COVIDFree,driving,KidsEdu,yes,3.110610769,101.736747
21,male,single,once_in_a_while,home,mandarin,Bachelor,malay,Malaysian,no,selfEmployed,celcom,bungalow,2,4163,129878,PersonalRetirement,KidSaving,COVIDFree,driving,KidsEdu,yes,3.125815572,101.6407997
28,male,married,once_in_a_while,pub_goer,english,Master,others,Malaysian,no,privateEemployee,umobile,condominium,2,7465,63057,PersonalSaving,KidEducation,HomeSafe,driving,KidsEdu,yes,3.155454628,101.7574108
24,male,married,once_in_a_while,pub_goer,malay,Bachelor,malay,Malaysian,no,employer,digi,terrace,2,6726,128324,PersonalMedical,KidMedical,HomeSafe,driving,KidsEdu,no,3.191539067,101.7086762
23,male,married,sometimes,home,english,Bachelor,malay,Malaysian,yes,privateEemployee,digi,condominium,2,3453,131674,PersonalSaving,KidEducation,HomeSafe,driving,KidsEdu,yes,3.161547312,101.7314341
36,male,married,frequent,pub_goer,english,PhD,chinese,Malaysian,no,privateEemployee,digi,condominium,2,5168,64119,PersonalSaving,KidEducation,COVIDFree,driving,KidsEdu,no,3.129648838,101.6964444
25,male,single,frequent,home,malay,Diploma,malay,others,yes,selfEmployed,maxis,condominium,2,8479,71427,PersonalRetirement,KidEducation,COVIDFree,driving,KidsEdu,yes,3.124418069,101.6822324
32,female,single,sometimes,pub_goer,english,Bachelor,others,others,yes,privateEemployee,digi,terrace,2,7472,136075,PersonalRetirement,KidEducation,COVIDFree,driving,NoMoneyDown,yes,3.098897012,101.7000058
25,male,married,sometimes,pub_goer,english,Bachelor,indian,others,no,selfEmployed,umobile,flat,2,9279,105846,PersonalRetirement,KidSaving,COVIDFree,driving,KidsEdu,yes,3.189680647,101.6520478
24,male,married,frequent,outdoor,malay,Diploma,indian,Malaysian,yes,selfEmployed,celcom,terrace,2,4542,82102,PersonalSaving,KidSaving,COVIDFree,publicTransport,KidsEdu,no,3.141843814,101.7638622
22,male,single,frequent,home,english,Diploma,malay,Malaysian,no,selfEmployed,maxis,bungalow,2,9488,189186,PersonalMedical,KidEducation,HomeSafe,driving,KidsEdu,no,3.096692233,101.6966231
31,male,single,once_in_a_while,pub_goer,malay,Diploma,malay,Malaysian,no,privateEemployee,digi,flat,2,4330,131833,PersonalRetirement,KidSaving,COVIDFree,publicTransport,KidsEdu,no,3.132399874,101.7487932
18,female,single,once_in_a_while,pub_goer,english,Bachelor,malay,Malaysian,no,selfEmployed,maxis,flat,2,3377,72824,PersonalMedical,KidMedical,HomeSafe,driving,KidsEdu,yes,3.097861699,101.753192
36,male,married,frequent,home,english,Bachelor,chinese,others,no,employer,umobile,bungalow,2,6871,151120,PersonalMedical,KidEducation,COVIDFree,driving,KidsEdu,yes,3.100372804,101.7178807
23,male,married,frequent,home,mandarin,Bachelor,chinese,Malaysian,yes,employer,maxis,bungalow,2,7841,91091,PersonalMedical,KidEducation,COVIDFree,driving,NoMoneyDown,yes,3.11023679,101.7283246
41,female,married,once_in_a_while,pub_goer,english,Bachelor,indian,Malaysian,yes,privateEemployee,digi,terrace,2,10463,162423,PersonalSaving,KidMedical,COVIDFree,publicTransport,NoMoneyDown,yes,3.132042249,101.7415488
24,male,single,frequent,home,malay,Bachelor,malay,Malaysian,yes,privateEemployee,umobile,condominium,2,8074,120427,PersonalRetirement,KidMedical,HomeSafe,publicTransport,KidsEdu,yes,3.13482222,101.684227
38,male,single,sometimes,pub_goer,malay,Master,indian,others,yes,privateEemployee,maxis,condominium,3,9154,135189,PersonalSaving,KidMedical,COVIDFree,driving,KidsEdu,no,3.201337374,101.7343127
34,male,single,frequent,home,mandarin,PhD,chinese,others,yes,privateEemployee,digi,bungalow,2,10438,88274,PersonalMedical,KidEducation,COVIDFree,publicTransport,NoMoneyDown,yes,3.171647021,101.6551541
38,female,single,frequent,outdoor,english,PhD,indian,others,no,govServant,celcom,condominium,2,4237,164298,PersonalSaving,KidMedical,HomeSafe,driving,KidsEdu,yes,3.207166203,101.7425592
33,male,single,frequent,outdoor,malay,Bachelor,malay,Malaysian,yes,govServant,digi,condominium,2,6280,126938,PersonalRetirement,KidEducation,HomeSafe,driving,KidsEdu,yes,3.164720264,101.6678919
32,female,single,once_in_a_while,home,malay,Master,chinese,others,yes,privateEemployee,umobile,flat,3,8689,132963,PersonalRetirement,KidEducation,COVIDFree,driving,KidsEdu,yes,3.121890647,101.7084263
19,male,married,once_in_a_while,home,english,Diploma,chinese,others,yes,selfEmployed,maxis,terrace,2,5026,147348,PersonalSaving,KidMedical,COVIDFree,driving,KidsEdu,no,3.132296636,101.7478237
25,male,married,sometimes,pub_goer,mandarin,Bachelor,indian,Malaysian,yes,govServant,maxis,flat,2,8138,140029,PersonalRetirement,KidEducation,COVIDFree,driving,KidsEdu,no,3.142271067,101.7477246
27,female,single,once_in_a_while,pub_goer,malay,Diploma,chinese,Malaysian,no,privateEemployee,maxis,flat,2,5942,181199,PersonalSaving,KidEducation,HomeSafe,driving,KidsEdu,yes,3.1563163,101.7612801
38,male,single,frequent,home,mandarin,Bachelor,indian,Malaysian,no,selfEmployed,maxis,terrace,2,7378,84882,PersonalSaving,KidMedical,HomeSafe,driving,KidsEdu,yes,3.166800568,101.6796786
33,male,married,frequent,home,mandarin,Bachelor,chinese,Malaysian,yes,selfEmployed,maxis,terrace,2,4316,143272,PersonalRetirement,KidMedical,HomeSafe,publicTransport,KidsEdu,yes,3.125902324,101.6908584
29,male,married,frequent,pub_goer,english,Bachelor,indian,others,yes,govServant,celcom,terrace,2,7029,122283,PersonalSaving,KidEducation,COVIDFree,driving,KidsEdu,yes,3.130882121,101.6369739
43,male,single,sometimes,pub_goer,malay,Bachelor,chinese,Malaysian,no,govServant,maxis,terrace,2,9613,49645,PersonalMedical,KidMedical,COVIDFree,driving,KidsEdu,yes,3.208154198,101.6299047
35,male,married,sometimes,pub_goer,english,Bachelor,chinese,others,yes,privateEemployee,digi,terrace,2,4505,98665,PersonalSaving,KidMedical,HomeSafe,driving,KidsEdu,no,3.192741073,101.6989813
27,male,single,frequent,pub_goer,english,Bachelor,malay,Malaysian,no,selfEmployed,digi,terrace,2,6148,125315,PersonalSaving,KidSaving,HomeSafe,driving,KidsEdu,no,3.201500883,101.6988811
37,male,single,frequent,home,mandarin,Master,malay,Malaysian,yes,govServant,maxis,terrace,2,5847,97880,PersonalRetirement,KidMedical,HomeSafe,driving,KidsEdu,yes,3.115272895,101.7274494
25,female,married,sometimes,pub_goer,malay,Master,malay,others,yes,privateEemployee,maxis,flat,2,8594,169218,PersonalMedical,KidEducation,HomeSafe,driving,KidsEdu,yes,3.120164982,101.6370675
28,female,married,once_in_a_while,pub_goer,mandarin,Master,others,others,no,privateEemployee,maxis,flat,2,6468,92729,PersonalMedical,KidEducation,HomeSafe,driving,NoMoneyDown,yes,3.088864449,101.7261333
34,female,single,once_in_a_while,pub_goer,english,Diploma,malay,Malaysian,yes,privateEemployee,digi,condominium,2,5404,87765,PersonalRetirement,KidMedical,HomeSafe,driving,KidsEdu,no,3.174658201,101.7496351
39,female,single,sometimes,home,malay,Bachelor,chinese,Malaysian,yes,privateEemployee,digi,condominium,2,8730,78754,PersonalRetirement,KidMedical,COVIDFree,driving,KidsEdu,no,3.117007738,101.7106235
33,male,single,frequent,home,malay,Bachelor,chinese,Malaysian,yes,selfEmployed,maxis,condominium,2,10243,95929,PersonalSaving,KidEducation,COVIDFree,driving,NoMoneyDown,no,3.17438747,101.6807903
28,male,married,once_in_a_while,home,mandarin,Bachelor,malay,Malaysian,yes,selfEmployed,umobile,condominium,2,9084,128046,PersonalSaving,KidMedical,HomeSafe,publicTransport,NoMoneyDown,no,3.140574923,101.6589158
44,male,single,once_in_a_while,pub_goer,mandarin,Diploma,indian,Malaysian,no,privateEemployee,celcom,flat,2,2909,161949,PersonalMedical,KidSaving,HomeSafe,publicTransport,KidsEdu,no,3.115198709,101.6389698
39,male,single,frequent,home,malay,Diploma,malay,Malaysian,yes,govServant,maxis,condominium,2,2658,54163,PersonalSaving,KidEducation,HomeSafe,driving,KidsEdu,no,3.087658421,101.6377818
37,male,single,sometimes,pub_goer,english,Diploma,chinese,Malaysian,yes,govServant,digi,terrace,2,5755,68299,PersonalMedical,KidSaving,COVIDFree,driving,NoMoneyDown,yes,3.110091105,101.6870231
38,female,single,frequent,outdoor,mandarin,Bachelor,others,Malaysian,no,privateEemployee,maxis,flat,2,2511,95595,PersonalMedical,KidMedical,COVIDFree,driving,KidsEdu,yes,3.17849454,101.6835986
44,male,single,sometimes,home,english,Bachelor,malay,Malaysian,no,employer,digi,flat,2,4618,153201,PersonalSaving,KidEducation,HomeSafe,driving,KidsEdu,no,3.161473771,101.683579
34,male,single,frequent,pub_goer,mandarin,Bachelor,indian,Malaysian,yes,selfEmployed,celcom,condominium,2,9355,126696,PersonalMedical,KidMedical,COVIDFree,publicTransport,KidsEdu,no,3.12797628,101.6876301
38,female,married,frequent,home,english,Bachelor,others,Malaysian,yes,govServant,maxis,flat,2,6670,48494,PersonalRetirement,KidEducation,HomeSafe,driving,KidsEdu,yes,3.162413355,101.6919084
39,male,married,sometimes,pub_goer,english,Bachelor,others,Malaysian,yes,employer,digi,condominium,2,7902,168833,PersonalMedical,KidEducation,HomeSafe,publicTransport,KidsEdu,yes,3.172952929,101.71459
35,male,married,once_in_a_while,home,english,Bachelor,others,Malaysian,no,govServant,digi,terrace,2,9394,70199,PersonalRetirement,KidEducation,COVIDFree,publicTransport,KidsEdu,yes,3.214639934,101.7000725
31,female,single,frequent,pub_goer,mandarin,Bachelor,malay,Malaysian,yes,govServant,maxis,flat,2,6214,150318,PersonalSaving,KidSaving,COVIDFree,publicTransport,KidsEdu,no,3.181776236,101.7648385
28,male,single,frequent,home,english,Bachelor,chinese,Malaysian,yes,employer,digi,condominium,2,2815,129923,PersonalMedical,KidMedical,COVIDFree,driving,KidsEdu,no,3.171209148,101.7283931
29,female,married,frequent,home,malay,Master,indian,others,yes,privateEemployee,digi,terrace,2,6617,111210,PersonalSaving,KidMedical,COVIDFree,driving,NoMoneyDown,yes,3.16302027,101.74999
32,male,married,frequent,pub_goer,english,Bachelor,others,Malaysian,yes,privateEemployee,maxis,condominium,2,9560,168119,PersonalSaving,KidEducation,COVIDFree,driving,KidsEdu,no,3.158290822,101.6440248
18,male,married,frequent,home,malay,Diploma,malay,others,yes,employer,digi,bungalow,2,6965,99023,PersonalRetirement,KidEducation,HomeSafe,publicTransport,KidsEdu,yes,3.179167998,101.6408825
33,male,single,frequent,home,mandarin,Bachelor,chinese,Malaysian,yes,privateEemployee,maxis,condominium,2,8597,169809,PersonalRetirement,KidEducation,COVIDFree,driving,KidsEdu,yes,3.103328429,101.7440334
34,male,married,once_in_a_while,home,english,Bachelor,malay,others,yes,privateEemployee,maxis,terrace,3,10284,165000,PersonalSaving,KidEducation,COVIDFree,driving,NoMoneyDown,yes,3.156093783,101.6646931
40,male,single,frequent,home,mandarin,Bachelor,chinese,Malaysian,no,privateEemployee,digi,condominium,2,3499,68055,PersonalMedical,KidEducation,HomeSafe,driving,KidsEdu,no,3.217850072,101.7303892
39,male,single,frequent,pub_goer,malay,Bachelor,others,others,no,selfEmployed,maxis,condominium,2,9849,106259,PersonalMedical,KidSaving,COVIDFree,publicTransport,KidsEdu,yes,3.107813447,101.726034
34,male,single,frequent,outdoor,mandarin,Diploma,malay,Malaysian,no,govServant,celcom,condominium,2,4469,81400,PersonalSaving,KidEducation,COVIDFree,driving,KidsEdu,no,3.11990102,101.6952467
43,female,married,once_in_a_while,outdoor,mandarin,Bachelor,indian,Malaysian,no,privateEemployee,maxis,terrace,2,8599,70081,PersonalMedical,KidEducation,HomeSafe,driving,KidsEdu,no,3.178582516,101.6779395
24,female,single,frequent,outdoor,mandarin,Bachelor,indian,Malaysian,yes,privateEemployee,digi,bungalow,2,6351,97062,PersonalRetirement,KidEducation,HomeSafe,driving,KidsEdu,no,3.165296967,101.717511
24,male,married,frequent,home,malay,Bachelor,indian,Malaysian,yes,govServant,maxis,bungalow,2,3985,172159,PersonalMedical,KidMedical,HomeSafe,driving,KidsEdu,yes,3.146836149,101.7542957
24,male,married,frequent,pub_goer,english,PhD,chinese,Malaysian,yes,selfEmployed,celcom,flat,2,9797,59457,PersonalRetirement,KidMedical,HomeSafe,driving,KidsEdu,yes,3.181952141,101.6809236
21,female,single,sometimes,home,english,Bachelor,others,Malaysian,yes,govServant,maxis,terrace,2,9269,114200,PersonalSaving,KidEducation,HomeSafe,driving,NoMoneyDown,no,3.180460706,101.6958533
34,female,single,sometimes,home,mandarin,Bachelor,malay,Malaysian,yes,selfEmployed,celcom,condominium,2,2988,105840,PersonalMedical,KidEducation,HomeSafe,driving,KidsEdu,yes,3.099276563,101.7129
35,male,single,sometimes,home,mandarin,Bachelor,indian,Malaysian,yes,privateEemployee,celcom,condominium,2,6415,76261,PersonalRetirement,KidSaving,HomeSafe,driving,KidsEdu,yes,3.109630668,101.637405
35,male,married,sometimes,home,malay,Master,chinese,Malaysian,no,privateEemployee,maxis,flat,2,9144,189709,PersonalMedical,KidSaving,COVIDFree,driving,KidsEdu,yes,3.148968904,101.636494
21,male,single,frequent,home,malay,Bachelor,others,others,yes,privateEemployee,maxis,condominium,2,5726,195651,PersonalRetirement,KidSaving,HomeSafe,publicTransport,KidsEdu,yes,3.165968522,101.7241069
29,male,married,frequent,pub_goer,english,Diploma,others,Malaysian,no,govServant,umobile,condominium,2,9628,147410,PersonalRetirement,KidMedical,COVIDFree,driving,KidsEdu,no,3.118112325,101.7119081
28,female,married,once_in_a_while,outdoor,mandarin,Bachelor,indian,Malaysian,no,govServant,digi,flat,2,9732,138269,PersonalSaving,KidMedical,HomeSafe,driving,KidsEdu,no,3.17089846,101.6727977
43,female,married,frequent,home,malay,Bachelor,others,Malaysian,no,privateEemployee,maxis,flat,2,2746,124359,PersonalSaving,KidEducation,HomeSafe,publicTransport,KidsEdu,yes,3.111527754,101.7075011
18,male,single,frequent,pub_goer,malay,Diploma,indian,Malaysian,no,govServant,digi,terrace,2,3400,191002,PersonalMedical,KidMedical,HomeSafe,publicTransport,KidsEdu,yes,3.130719095,101.6500989
30,female,married,frequent,pub_goer,malay,Bachelor,others,Malaysian,no,govServant,celcom,condominium,3,5089,182066,PersonalMedical,KidEducation,HomeSafe,publicTransport,NoMoneyDown,no,3.162590217,101.6730166
18,male,married,frequent,outdoor,malay,Bachelor,malay,others,no,privateEemployee,maxis,terrace,2,3381,91011,PersonalMedical,KidMedical,HomeSafe,driving,NoMoneyDown,no,3.155635476,101.641444
40,male,single,sometimes,pub_goer,english,Master,chinese,Malaysian,yes,selfEmployed,digi,flat,2,9729,123149,PersonalMedical,KidMedical,COVIDFree,driving,KidsEdu,yes,3.213202987,101.6856253
38,female,single,frequent,pub_goer,mandarin,PhD,malay,others,yes,employer,digi,flat,2,6836,137444,PersonalRetirement,KidEducation,HomeSafe,driving,KidsEdu,yes,3.177718524,101.6326261
29,male,single,once_in_a_while,pub_goer,malay,PhD,chinese,Malaysian,no,employer,digi,terrace,2,8722,190799,PersonalMedical,KidSaving,HomeSafe,driving,KidsEdu,yes,3.196146289,101.6319808
29,male,married,frequent,outdoor,malay,Diploma,others,Malaysian,yes,privateEemployee,umobile,terrace,3,4516,125443,PersonalSaving,KidEducation,HomeSafe,publicTransport,NoMoneyDown,no,3.213708606,101.7441209
20,male,single,frequent,pub_goer,english,Diploma,chinese,Malaysian,yes,govServant,digi,bungalow,2,8283,119307,PersonalRetirement,KidEducation,HomeSafe,driving,NoMoneyDown,no,3.105029972,101.760715
24,male,single,frequent,outdoor,malay,Master,others,Malaysian,yes,privateEemployee,maxis,condominium,2,2534,192836,PersonalSaving,KidEducation,COVIDFree,driving,KidsEdu,yes,3.184619723,101.6895397
40,male,married,frequent,home,english,Diploma,malay,Malaysian,no,privateEemployee,maxis,condominium,2,3210,191104,PersonalMedical,KidMedical,HomeSafe,publicTransport,KidsEdu,no,3.138114597,101.6583003
22,male,single,frequent,home,malay,Bachelor,chinese,Malaysian,no,privateEemployee,maxis,bungalow,2,8554,63599,PersonalRetirement,KidMedical,HomeSafe,driving,KidsEdu,no,3.147820484,101.6699341
34,female,married,frequent,home,english,Bachelor,malay,Malaysian,yes,selfEmployed,maxis,bungalow,3,7099,190162,PersonalRetirement,KidMedical,HomeSafe,driving,KidsEdu,no,3.146696389,101.6383023
31,male,single,sometimes,home,english,Bachelor,others,Malaysian,no,privateEemployee,digi,condominium,2,3292,149722,PersonalRetirement,KidEducation,HomeSafe,publicTransport,NoMoneyDown,no,3.132724356,101.7605166
44,male,married,frequent,pub_goer,english,Bachelor,malay,Malaysian,no,govServant,digi,condominium,2,5178,198839,PersonalMedical,KidMedical,COVIDFree,driving,NoMoneyDown,no,3.11764185,101.741622
30,male,single,frequent,outdoor,mandarin,Bachelor,others,Malaysian,no,govServant,celcom,terrace,2,6105,65413,PersonalRetirement,KidMedical,COVIDFree,publicTransport,KidsEdu,yes,3.202819167,101.6833473
43,male,single,frequent,pub_goer,english,Bachelor,others,Malaysian,yes,employer,umobile,condominium,3,4219,65237,PersonalMedical,KidEducation,HomeSafe,driving,KidsEdu,yes,3.205178934,101.6680589
34,female,single,once_in_a_while,home,english,Diploma,malay,Malaysian,yes,privateEemployee,maxis,bungalow,2,10324,196606,PersonalSaving,KidEducation,COVIDFree,publicTransport,KidsEdu,yes,3.088552698,101.6344718
41,female,single,frequent,home,mandarin,Bachelor,others,others,no,privateEemployee,maxis,terrace,3,9068,153195,PersonalMedical,KidMedical,HomeSafe,driving,KidsEdu,yes,3.153278781,101.6742621
40,male,married,frequent,home,mandarin,Bachelor,chinese,Malaysian,yes,govServant,maxis,condominium,2,6315,93523,PersonalSaving,KidMedical,COVIDFree,driving,KidsEdu,yes,3.176060938,101.652035
19,female,single,sometimes,home,english,Bachelor,indian,Malaysian,yes,privateEemployee,digi,bungalow,2,7407,78956,PersonalRetirement,KidEducation,HomeSafe,driving,KidsEdu,yes,3.153645926,101.7498636
22,female,single,frequent,pub_goer,malay,Bachelor,chinese,others,yes,selfEmployed,celcom,bungalow,2,8992,86938,PersonalSaving,KidSaving,HomeSafe,driving,NoMoneyDown,yes,3.216644572,101.6632583
44,female,married,sometimes,pub_goer,malay,Bachelor,others,Malaysian,no,selfEmployed,digi,condominium,2,4959,50009,PersonalSaving,KidEducation,COVIDFree,publicTransport,NoMoneyDown,yes,3.160867036,101.730021
35,male,married,frequent,home,english,Bachelor,malay,Malaysian,no,govServant,umobile,flat,3,8353,94822,PersonalMedical,KidEducation,HomeSafe,driving,NoMoneyDown,yes,3.104708713,101.6853197
30,male,married,once_in_a_while,home,malay,Bachelor,chinese,Malaysian,yes,selfEmployed,maxis,condominium,3,9686,74845,PersonalMedical,KidEducation,HomeSafe,driving,KidsEdu,yes,3.178362055,101.7422442
39,male,married,frequent,home,english,Bachelor,indian,Malaysian,yes,govServant,maxis,terrace,2,6547,60113,PersonalMedical,KidEducation,COVIDFree,driving,KidsEdu,yes,3.155607418,101.6369269
43,female,married,frequent,home,mandarin,Master,others,Malaysian,yes,privateEemployee,digi,condominium,2,6095,117403,PersonalRetirement,KidMedical,COVIDFree,driving,KidsEdu,no,3.121464117,101.6838091
44,male,married,sometimes,pub_goer,mandarin,Bachelor,others,Malaysian,no,selfEmployed,umobile,terrace,2,10332,113549,PersonalSaving,KidEducation,HomeSafe,publicTransport,KidsEdu,no,3.101997638,101.6933123
39,male,single,frequent,pub_goer,mandarin,Master,malay,Malaysian,yes,govServant,umobile,terrace,2,6211,191468,PersonalSaving,KidMedical,HomeSafe,driving,NoMoneyDown,yes,3.216857772,101.7263425
34,male,single,once_in_a_while,home,english,Master,chinese,Malaysian,yes,selfEmployed,maxis,terrace,2,7033,189810,PersonalRetirement,KidEducation,HomeSafe,driving,KidsEdu,yes,3.135609397,101.7009127
32,female,single,frequent,pub_goer,malay,PhD,others,Malaysian,yes,govServant,celcom,flat,2,4900,157332,PersonalRetirement,KidMedical,COVIDFree,driving,KidsEdu,yes,3.216105021,101.7611637
37,male,married,frequent,home,mandarin,Master,malay,Malaysian,yes,privateEemployee,digi,flat,3,4059,153606,PersonalMedical,KidEducation,COVIDFree,driving,NoMoneyDown,yes,3.214997328,101.7476138
27,male,single,once_in_a_while,pub_goer,english,Bachelor,malay,Malaysian,yes,privateEemployee,celcom,bungalow,3,2588,71513,PersonalMedical,KidMedical,HomeSafe,publicTransport,KidsEdu,no,3.199676505,101.6935964
38,female,married,once_in_a_while,pub_goer,malay,Diploma,malay,Malaysian,no,privateEemployee,maxis,condominium,2,4214,77115,PersonalMedical,KidEducation,HomeSafe,driving,NoMoneyDown,yes,3.094451567,101.6477432
27,female,single,sometimes,pub_goer,english,Diploma,chinese,Malaysian,no,employer,maxis,condominium,3,2844,68305,PersonalRetirement,KidEducation,HomeSafe,driving,KidsEdu,no,3.130654811,101.70382
39,male,single,once_in_a_while,home,english,Bachelor,chinese,Malaysian,yes,govServant,maxis,flat,2,9536,147222,PersonalMedical,KidMedical,HomeSafe,driving,NoMoneyDown,yes,3.099827026,101.7656048
22,male,married,frequent,home,malay,Master,indian,Malaysian,yes,govServant,maxis,condominium,2,10269,182503,PersonalSaving,KidMedical,COVIDFree,driving,KidsEdu,no,3.094084601,101.6679805
28,male,married,frequent,home,mandarin,Bachelor,malay,Malaysian,yes,privateEemployee,celcom,terrace,3,2963,71368,PersonalRetirement,KidEducation,HomeSafe,driving,KidsEdu,no,3.100645065,101.6998518
39,female,single,frequent,pub_goer,english,PhD,malay,Malaysian,yes,selfEmployed,umobile,condominium,2,9101,197552,PersonalSaving,KidEducation,COVIDFree,publicTransport,KidsEdu,no,3.153639736,101.6330719
21,male,single,frequent,home,malay,Bachelor,indian,Malaysian,no,privateEemployee,celcom,flat,2,10259,150644,PersonalMedical,KidSaving,HomeSafe,publicTransport,KidsEdu,no,3.195776037,101.7199163
44,male,married,frequent,home,english,Bachelor,indian,Malaysian,no,govServant,digi,condominium,2,3432,80307,PersonalRetirement,KidEducation,HomeSafe,driving,KidsEdu,no,3.091662169,101.6394392
29,female,single,frequent,pub_goer,mandarin,Bachelor,others,Malaysian,yes,govServant,digi,flat,3,7103,82466,PersonalMedical,KidMedical,HomeSafe,publicTransport,KidsEdu,no,3.098373499,101.7423981
39,male,single,once_in_a_while,home,english,Bachelor,indian,Malaysian,no,employer,maxis,terrace,3,2638,179444,PersonalMedical,KidSaving,COVIDFree,publicTransport,KidsEdu,yes,3.104829717,101.6441629
38,male,married,sometimes,outdoor,english,Master,malay,others,yes,privateEemployee,maxis,terrace,3,7143,52425,PersonalMedical,KidMedical,HomeSafe,driving,NoMoneyDown,yes,3.213082893,101.6300477
26,male,married,frequent,home,mandarin,Bachelor,malay,Malaysian,yes,selfEmployed,maxis,terrace,2,7959,124962,PersonalRetirement,KidEducation,COVIDFree,driving,KidsEdu,no,3.131504042,101.6881904
18,male,married,frequent,pub_goer,mandarin,Diploma,chinese,Malaysian,yes,govServant,maxis,condominium,3,3909,113940,PersonalMedical,KidMedical,COVIDFree,driving,KidsEdu,yes,3.15357997,101.7311456
19,female,married,once_in_a_while,home,malay,Bachelor,others,Malaysian,yes,privateEemployee,digi,condominium,2,6010,133435,PersonalRetirement,KidSaving,HomeSafe,publicTransport,KidsEdu,no,3.185274082,101.7199156
39,female,single,frequent,home,malay,Bachelor,others,Malaysian,no,privateEemployee,maxis,terrace,2,3171,163967,PersonalMedical,KidEducation,HomeSafe,publicTransport,NoMoneyDown,yes,3.176319164,101.6831077
23,male,single,sometimes,outdoor,malay,Diploma,chinese,others,yes,privateEemployee,celcom,flat,3,7189,50910,PersonalMedical,KidSaving,COVIDFree,publicTransport,KidsEdu,no,3.151993756,101.6441414
21,female,married,frequent,home,english,Bachelor,indian,Malaysian,yes,govServant,digi,condominium,2,4488,141570,PersonalSaving,KidMedical,HomeSafe,driving,KidsEdu,yes,3.146396692,101.6996551
24,female,single,sometimes,home,malay,Bachelor,malay,Malaysian,no,govServant,digi,condominium,2,2972,151176,PersonalSaving,KidSaving,HomeSafe,driving,KidsEdu,yes,3.144959558,101.7117851
38,female,single,sometimes,outdoor,malay,Bachelor,indian,Malaysian,yes,privateEemployee,maxis,flat,2,5123,166893,PersonalSaving,KidSaving,HomeSafe,driving,NoMoneyDown,no,3.105924096,101.7165002
30,male,married,sometimes,home,english,Master,malay,Malaysian,yes,privateEemployee,umobile,bungalow,3,6329,98385,PersonalMedical,KidMedical,HomeSafe,driving,NoMoneyDown,no,3.189331421,101.7604178
26,male,single,sometimes,home,english,Bachelor,indian,others,no,govServant,maxis,flat,2,4646,117641,PersonalSaving,KidEducation,COVIDFree,driving,KidsEdu,no,3.09624605,101.7321094
39,male,single,sometimes,home,mandarin,PhD,others,Malaysian,no,govServant,umobile,terrace,3,6801,166799,PersonalSaving,KidEducation,HomeSafe,publicTransport,KidsEdu,yes,3.201796421,101.7214166
35,male,single,sometimes,pub_goer,english,Master,chinese,Malaysian,yes,selfEmployed,digi,flat,2,9600,189254,PersonalMedical,KidMedical,HomeSafe,driving,KidsEdu,yes,3.16517256,101.6702266
32,male,single,frequent,pub_goer,malay,Bachelor,malay,Malaysian,no,govServant,digi,condominium,3,3844,104582,PersonalSaving,KidMedical,HomeSafe,publicTransport,KidsEdu,yes,3.155747938,101.7421197
29,male,single,sometimes,home,malay,Diploma,others,others,no,privateEemployee,umobile,terrace,2,10426,67587,PersonalSaving,KidMedical,HomeSafe,driving,KidsEdu,yes,3.2022346,101.7280804
23,male,single,frequent,pub_goer,english,Bachelor,chinese,Malaysian,yes,employer,celcom,terrace,3,6826,176941,PersonalMedical,KidEducation,HomeSafe,publicTransport,KidsEdu,yes,3.177193891,101.6328025
37,female,married,frequent,home,english,Bachelor,indian,Malaysian,yes,govServant,digi,condominium,2,6600,97593,PersonalRetirement,KidEducation,HomeSafe,driving,KidsEdu,yes,3.151734829,101.7146077
28,male,married,frequent,home,malay,Bachelor,indian,Malaysian,no,privateEemployee,maxis,bungalow,3,9807,180684,PersonalRetirement,KidEducation,COVIDFree,driving,KidsEdu,yes,3.112724989,101.7456402
19,male,single,sometimes,home,english,Diploma,malay,Malaysian,no,govServant,maxis,flat,2,7459,151147,PersonalSaving,KidEducation,HomeSafe,publicTransport,KidsEdu,no,3.179428085,101.702429
36,female,married,frequent,home,mandarin,Diploma,malay,others,no,privateEemployee,maxis,flat,3,3915,123733,PersonalRetirement,KidSaving,HomeSafe,publicTransport,KidsEdu,yes,3.185177146,101.6778122
30,male,single,sometimes,outdoor,malay,Diploma,indian,Malaysian,yes,privateEemployee,digi,condominium,3,4650,69619,PersonalRetirement,KidSaving,HomeSafe,publicTransport,NoMoneyDown,no,3.125854569,101.6769974
24,male,married,sometimes,home,malay,Diploma,others,others,no,privateEemployee,umobile,flat,2,3603,48742,PersonalMedical,KidMedical,COVIDFree,driving,NoMoneyDown,yes,3.201276122,101.7431363
26,female,single,frequent,home,malay,Bachelor,indian,Malaysian,no,privateEemployee,digi,terrace,2,6737,139392,PersonalSaving,KidMedical,HomeSafe,driving,KidsEdu,yes,3.162975179,101.6555401
20,female,married,frequent,pub_goer,mandarin,Master,indian,others,yes,selfEmployed,maxis,flat,2,8519,116274,PersonalRetirement,KidSaving,COVIDFree,driving,KidsEdu,no,3.145538882,101.7401524
19,female,single,frequent,home,english,Bachelor,indian,Malaysian,yes,privateEemployee,digi,condominium,2,4895,143160,PersonalSaving,KidEducation,COVIDFree,driving,NoMoneyDown,no,3.167031641,101.7433366
33,female,single,frequent,pub_goer,english,Bachelor,malay,others,yes,govServant,umobile,terrace,3,5552,189951,PersonalRetirement,KidMedical,HomeSafe,driving,KidsEdu,no,3.18161192,101.7232449
22,female,single,frequent,home,malay,Master,chinese,Malaysian,yes,govServant,digi,condominium,2,7026,55562,PersonalMedical,KidSaving,COVIDFree,driving,KidsEdu,no,3.201217631,101.742612
22,male,single,once_in_a_while,outdoor,malay,Bachelor,malay,others,yes,privateEemployee,maxis,condominium,3,6423,121663,PersonalMedical,KidMedical,COVIDFree,driving,KidsEdu,yes,3.206477095,101.6682599
19,male,single,sometimes,pub_goer,mandarin,Bachelor,others,Malaysian,yes,selfEmployed,umobile,condominium,2,2535,174594,PersonalSaving,KidEducation,COVIDFree,driving,NoMoneyDown,no,3.115862431,101.7638626
23,female,single,once_in_a_while,pub_goer,mandarin,Bachelor,chinese,Malaysian,yes,govServant,maxis,terrace,2,7815,56532,PersonalMedical,KidMedical,COVIDFree,driving,NoMoneyDown,no,3.117981318,101.7537834
36,female,single,frequent,outdoor,malay,Bachelor,chinese,Malaysian,yes,selfEmployed,digi,condominium,3,7572,182126,PersonalSaving,KidMedical,COVIDFree,publicTransport,KidsEdu,yes,3.158091437,101.6804499
41,female,single,sometimes,pub_goer,english,PhD,chinese,Malaysian,no,privateEemployee,celcom,condominium,3,4731,120087,PersonalSaving,KidMedical,HomeSafe,driving,NoMoneyDown,yes,3.179269936,101.6293638
29,female,married,sometimes,pub_goer,english,Diploma,chinese,Malaysian,no,selfEmployed,maxis,flat,2,5034,143856,PersonalMedical,KidMedical,HomeSafe,driving,KidsEdu,yes,3.131100832,101.7341375
33,male,single,once_in_a_while,home,malay,Master,chinese,Malaysian,yes,privateEemployee,digi,flat,2,9190,167338,PersonalSaving,KidMedical,HomeSafe,driving,KidsEdu,yes,3.095002115,101.6637822
22,male,married,frequent,home,english,Diploma,malay,others,no,selfEmployed,digi,terrace,2,6798,78474,PersonalMedical,KidEducation,HomeSafe,driving,KidsEdu,yes,3.117174068,101.728193
41,female,married,frequent,pub_goer,english,Master,indian,Malaysian,yes,govServant,maxis,flat,3,3312,103036,PersonalRetirement,KidMedical,COVIDFree,publicTransport,KidsEdu,yes,3.165181166,101.6619202
38,male,single,sometimes,outdoor,english,Diploma,chinese,Malaysian,no,privateEemployee,umobile,flat,3,9739,146515,PersonalRetirement,KidMedical,HomeSafe,publicTransport,KidsEdu,yes,3.115585287,101.6596047
27,male,married,frequent,home,english,Bachelor,chinese,Malaysian,no,selfEmployed,maxis,flat,3,5745,90298,PersonalMedical,KidSaving,HomeSafe,publicTransport,KidsEdu,no,3.088368436,101.6996032
40,male,married,once_in_a_while,pub_goer,english,Bachelor,malay,Malaysian,yes,privateEemployee,maxis,flat,3,7797,102082,PersonalMedical,KidEducation,HomeSafe,publicTransport,KidsEdu,no,3.15092108,101.7416101
34,female,married,frequent,home,mandarin,Bachelor,others,others,yes,govServant,digi,terrace,2,4364,163802,PersonalMedical,KidMedical,COVIDFree,driving,NoMoneyDown,yes,3.129248525,101.6701579
25,female,single,once_in_a_while,pub_goer,mandarin,Diploma,chinese,Malaysian,yes,employer,maxis,flat,3,4880,71630,PersonalSaving,KidEducation,HomeSafe,driving,KidsEdu,no,3.190853949,101.7499203
34,female,married,frequent,home,mandarin,Bachelor,others,others,yes,privateEemployee,maxis,condominium,2,6390,170740,PersonalMedical,KidMedical,HomeSafe,driving,NoMoneyDown,yes,3.194320133,101.714215
29,male,married,frequent,home,mandarin,Bachelor,chinese,Malaysian,yes,privateEemployee,umobile,flat,3,4645,139828,PersonalMedical,KidMedical,HomeSafe,publicTransport,KidsEdu,yes,3.170437035,101.732796
30,female,married,frequent,pub_goer,english,Bachelor,chinese,Malaysian,no,privateEemployee,digi,terrace,2,2817,168396,PersonalRetirement,KidEducation,COVIDFree,publicTransport,KidsEdu,yes,3.126930385,101.7522824
38,male,single,once_in_a_while,pub_goer,english,Bachelor,chinese,others,yes,govServant,celcom,condominium,2,5309,86167,PersonalMedical,KidSaving,COVIDFree,publicTransport,NoMoneyDown,yes,3.105570503,101.6745644
34,female,single,sometimes,pub_goer,malay,Diploma,malay,Malaysian,no,govServant,umobile,condominium,2,5221,179316,PersonalSaving,KidEducation,COVIDFree,driving,KidsEdu,yes,3.110124238,101.6691406
27,male,single,sometimes,pub_goer,malay,Bachelor,malay,Malaysian,no,selfEmployed,digi,terrace,2,4698,192900,PersonalRetirement,KidEducation,COVIDFree,driving,KidsEdu,no,3.215376249,101.66984
30,female,single,once_in_a_while,pub_goer,mandarin,Bachelor,indian,Malaysian,yes,privateEemployee,celcom,terrace,2,8064,57478,PersonalSaving,KidEducation,HomeSafe,driving,KidsEdu,no,3.111718837,101.6647577
34,male,married,once_in_a_while,home,malay,Master,indian,others,yes,privateEemployee,celcom,condominium,2,6444,175350,PersonalMedical,KidMedical,HomeSafe,driving,KidsEdu,yes,3.185241116,101.6498434
41,male,married,sometimes,outdoor,english,Bachelor,malay,others,no,govServant,umobile,condominium,3,4459,118228,PersonalRetirement,KidSaving,COVIDFree,driving,KidsEdu,no,3.140680338,101.7551346
26,male,single,frequent,pub_goer,mandarin,Bachelor,malay,Malaysian,no,employer,maxis,condominium,3,9872,76882,PersonalMedical,KidMedical,COVIDFree,publicTransport,KidsEdu,yes,3.19014043,101.6595841
19,female,married,once_in_a_while,pub_goer,malay,Bachelor,malay,Malaysian,yes,privateEemployee,maxis,terrace,3,5317,144340,PersonalSaving,KidMedical,COVIDFree,driving,KidsEdu,no,3.134245242,101.7149862
22,male,married,frequent,outdoor,mandarin,Diploma,malay,Malaysian,no,govServant,maxis,terrace,3,7227,89152,PersonalRetirement,KidSaving,COVIDFree,publicTransport,NoMoneyDown,yes,3.162352364,101.7467221
25,male,single,frequent,pub_goer,malay,Bachelor,chinese,Malaysian,no,privateEemployee,digi,condominium,2,4030,142420,PersonalSaving,KidEducation,HomeSafe,driving,NoMoneyDown,no,3.110191597,101.7484806
34,female,married,sometimes,home,english,Bachelor,chinese,Malaysian,yes,privateEemployee,maxis,terrace,2,7701,197385,PersonalMedical,KidEducation,COVIDFree,driving,KidsEdu,yes,3.163291129,101.6555876
41,male,single,frequent,pub_goer,mandarin,Diploma,others,Malaysian,yes,privateEemployee,umobile,terrace,2,2857,160351,PersonalRetirement,KidMedical,COVIDFree,driving,KidsEdu,yes,3.122755102,101.7628884
36,male,married,once_in_a_while,pub_goer,english,Diploma,malay,Malaysian,yes,govServant,maxis,terrace,3,7724,51689,PersonalMedical,KidMedical,HomeSafe,driving,KidsEdu,no,3.214635003,101.7590345
36,female,married,frequent,home,mandarin,Bachelor,chinese,Malaysian,yes,privateEemployee,digi,terrace,2,9378,116567,PersonalMedical,KidEducation,HomeSafe,publicTransport,KidsEdu,yes,3.145453394,101.7481768
42,female,married,sometimes,pub_goer,english,Bachelor,others,Malaysian,yes,employer,digi,terrace,3,2652,155329,PersonalRetirement,KidMedical,HomeSafe,publicTransport,NoMoneyDown,yes,3.131321361,101.6496332
27,female,single,sometimes,home,malay,Bachelor,malay,Malaysian,no,privateEemployee,digi,condominium,3,8513,111010,PersonalSaving,KidMedical,HomeSafe,publicTransport,KidsEdu,no,3.106716615,101.6824765
42,female,married,frequent,pub_goer,malay,Diploma,malay,Malaysian,no,employer,digi,condominium,2,6609,115643,PersonalRetirement,KidEducation,HomeSafe,driving,KidsEdu,yes,3.217015707,101.725699
27,male,single,once_in_a_while,home,english,Bachelor,malay,Malaysian,no,selfEmployed,digi,condominium,2,3558,199791,PersonalRetirement,KidSaving,HomeSafe,driving,KidsEdu,yes,3.159002444,101.6857457
28,male,married,frequent,home,english,Diploma,chinese,Malaysian,yes,privateEemployee,celcom,bungalow,2,8507,146025,PersonalMedical,KidSaving,HomeSafe,driving,KidsEdu,yes,3.157047367,101.7313102
26,male,married,frequent,pub_goer,mandarin,Master,malay,Malaysian,no,govServant,digi,condominium,2,9099,107105,PersonalMedical,KidEducation,COVIDFree,driving,KidsEdu,yes,3.145039704,101.6905945
40,male,married,frequent,home,english,Bachelor,malay,Malaysian,no,selfEmployed,celcom,terrace,3,8620,187535,PersonalMedical,KidMedical,COVIDFree,driving,NoMoneyDown,yes,3.125080846,101.7396413
42,female,single,sometimes,pub_goer,english,Bachelor,malay,Malaysian,yes,employer,digi,bungalow,3,6339,169209,PersonalMedical,KidMedical,COVIDFree,publicTransport,KidsEdu,yes,3.168343202,101.7411749
39,male,married,frequent,outdoor,english,Master,others,Malaysian,no,govServant,celcom,terrace,2,5344,76467,PersonalSaving,KidMedical,HomeSafe,driving,NoMoneyDown,yes,3.154189081,101.7288312
25,male,single,sometimes,home,mandarin,Bachelor,indian,Malaysian,yes,privateEemployee,umobile,condominium,2,7512,148346,PersonalMedical,KidMedical,COVIDFree,driving,KidsEdu,no,3.157580497,101.6748065
25,male,married,frequent,home,malay,Bachelor,others,Malaysian,no,privateEemployee,digi,condominium,2,4295,143305,PersonalMedical,KidEducation,COVIDFree,driving,KidsEdu,no,3.215369628,101.7444829
29,male,single,frequent,home,mandarin,Bachelor,indian,Malaysian,yes,privateEemployee,digi,flat,2,8418,77341,PersonalMedical,KidEducation,HomeSafe,publicTransport,NoMoneyDown,yes,3.141239453,101.6811627
33,female,married,sometimes,home,english,Master,indian,Malaysian,yes,govServant,digi,flat,3,7620,49924,PersonalSaving,KidMedical,HomeSafe,publicTransport,NoMoneyDown,yes,3.094590403,101.729582
37,male,married,frequent,home,english,Bachelor,malay,Malaysian,no,selfEmployed,digi,terrace,3,9092,130108,PersonalMedical,KidMedical,HomeSafe,driving,KidsEdu,yes,3.111978895,101.6337472
18,male,single,sometimes,home,malay,Bachelor,malay,Malaysian,yes,selfEmployed,maxis,condominium,2,8668,85541,PersonalMedical,KidMedical,COVIDFree,driving,NoMoneyDown,no,3.12608795,101.6414099
34,female,single,frequent,home,malay,Bachelor,chinese,Malaysian,no,govServant,umobile,terrace,2,8335,78236,PersonalRetirement,KidMedical,HomeSafe,driving,NoMoneyDown,no,3.13849197,101.7197519
41,female,married,sometimes,home,english,Bachelor,chinese,others,no,selfEmployed,digi,terrace,2,3362,97067,PersonalRetirement,KidMedical,COVIDFree,driving,KidsEdu,yes,3.114280016,101.7419084
33,female,single,frequent,outdoor,english,Master,malay,others,yes,govServant,celcom,terrace,3,7940,89360,PersonalSaving,KidEducation,HomeSafe,driving,KidsEdu,no,3.113843345,101.7173446
30,female,single,once_in_a_while,pub_goer,english,Bachelor,others,Malaysian,yes,privateEemployee,umobile,terrace,2,8392,60664,PersonalRetirement,KidEducation,COVIDFree,driving,KidsEdu,no,3.166651304,101.7115101
35,male,single,sometimes,home,malay,Bachelor,others,Malaysian,no,selfEmployed,digi,bungalow,2,9508,148180,PersonalRetirement,KidEducation,HomeSafe,publicTransport,KidsEdu,no,3.136654937,101.6914542
40,male,single,sometimes,home,mandarin,Diploma,others,Malaysian,no,govServant,celcom,flat,2,5143,142504,PersonalRetirement,KidMedical,COVIDFree,driving,KidsEdu,no,3.129322902,101.7639223
37,male,married,frequent,outdoor,mandarin,Master,malay,Malaysian,yes,selfEmployed,maxis,terrace,3,4924,89072,PersonalMedical,KidMedical,HomeSafe,driving,KidsEdu,yes,3.173671279,101.7641938
35,male,single,sometimes,home,english,Master,others,Malaysian,no,govServant,maxis,condominium,2,6630,159336,PersonalRetirement,KidSaving,COVIDFree,driving,KidsEdu,yes,3.167063765,101.7078943
30,male,single,sometimes,home,english,Master,chinese,Malaysian,yes,govServant,celcom,condominium,2,3442,82486,PersonalSaving,KidEducation,HomeSafe,driving,KidsEdu,no,3.183193778,101.7119093
24,male,single,frequent,pub_goer,english,Bachelor,chinese,Malaysian,yes,selfEmployed,maxis,flat,2,4297,169433,PersonalMedical,KidSaving,HomeSafe,publicTransport,KidsEdu,no,3.113174034,101.6978889
37,female,single,once_in_a_while,pub_goer,english,Master,malay,Malaysian,yes,employer,celcom,flat,2,6351,81405,PersonalRetirement,KidMedical,COVIDFree,driving,KidsEdu,yes,3.104987698,101.6565706
31,male,married,sometimes,home,malay,Master,malay,Malaysian,yes,privateEemployee,maxis,condominium,2,9083,180273,PersonalMedical,KidEducation,HomeSafe,driving,KidsEdu,yes,3.093619291,101.6370537
34,male,married,sometimes,pub_goer,malay,PhD,others,others,yes,govServant,digi,terrace,2,3593,115015,PersonalMedical,KidEducation,HomeSafe,driving,KidsEdu,yes,3.119266387,101.6275249
24,male,single,frequent,outdoor,malay,Diploma,chinese,Malaysian,yes,selfEmployed,digi,terrace,2,3497,71903,PersonalSaving,KidMedical,HomeSafe,publicTransport,KidsEdu,yes,3.198594846,101.627133
33,male,single,sometimes,home,malay,Diploma,chinese,Malaysian,yes,govServant,digi,condominium,2,7845,103735,PersonalSaving,KidEducation,COVIDFree,publicTransport,KidsEdu,yes,3.129730145,101.7403648
22,male,married,frequent,pub_goer,english,Bachelor,chinese,Malaysian,no,govServant,celcom,condominium,2,8056,148374,PersonalMedical,KidMedical,COVIDFree,driving,KidsEdu,yes,3.175285029,101.7212549
37,male,single,frequent,home,english,PhD,indian,others,yes,privateEemployee,celcom,flat,3,3046,102990,PersonalMedical,KidEducation,HomeSafe,driving,KidsEdu,yes,3.127299134,101.7007131
27,male,single,once_in_a_while,pub_goer,malay,PhD,malay,Malaysian,no,selfEmployed,digi,flat,2,5835,95885,PersonalSaving,KidEducation,COVIDFree,driving,KidsEdu,no,3.105659974,101.7328156
37,male,single,sometimes,home,mandarin,Bachelor,others,Malaysian,yes,govServant,celcom,flat,2,2871,164666,PersonalSaving,KidEducation,HomeSafe,driving,NoMoneyDown,no,3.201136097,101.6578467
36,male,married,frequent,home,malay,Bachelor,others,Malaysian,yes,govServant,umobile,terrace,2,9527,134208,PersonalMedical,KidSaving,HomeSafe,driving,NoMoneyDown,no,3.104441309,101.7528904
32,female,married,frequent,home,malay,Bachelor,indian,Malaysian,no,selfEmployed,maxis,bungalow,2,7926,91327,PersonalSaving,KidMedical,HomeSafe,driving,KidsEdu,yes,3.137917859,101.7197402
30,male,single,sometimes,pub_goer,english,Bachelor,malay,Malaysian,yes,privateEemployee,umobile,terrace,3,3668,187907,PersonalMedical,KidSaving,HomeSafe,driving,KidsEdu,no,3.143549582,101.7415124
35,male,single,sometimes,pub_goer,mandarin,Bachelor,chinese,Malaysian,no,selfEmployed,celcom,bungalow,3,7667,76720,PersonalRetirement,KidMedical,COVIDFree,publicTransport,KidsEdu,no,3.133994264,101.6888358
23,female,married,once_in_a_while,outdoor,english,PhD,chinese,Malaysian,yes,privateEemployee,maxis,terrace,2,5471,130896,PersonalSaving,KidSaving,HomeSafe,driving,KidsEdu,yes,3.165195743,101.6783976
24,female,single,frequent,outdoor,mandarin,Diploma,others,others,no,govServant,maxis,condominium,2,3162,158506,PersonalRetirement,KidMedical,COVIDFree,driving,KidsEdu,no,3.167347114,101.7037117
21,male,single,frequent,outdoor,malay,Diploma,others,others,yes,employer,maxis,condominium,2,7327,158714,PersonalSaving,KidSaving,COVIDFree,driving,KidsEdu,no,3.212681001,101.6447889
26,male,single,frequent,outdoor,english,Diploma,malay,Malaysian,yes,privateEemployee,maxis,flat,2,4467,123079,PersonalSaving,KidMedical,HomeSafe,driving,NoMoneyDown,no,3.193737722,101.743019
35,male,single,sometimes,pub_goer,malay,Bachelor,others,Malaysian,no,privateEemployee,celcom,terrace,2,6509,107158,PersonalRetirement,KidMedical,HomeSafe,driving,KidsEdu,no,3.131711845,101.7369419
34,female,married,frequent,pub_goer,malay,Bachelor,malay,Malaysian,yes,selfEmployed,umobile,condominium,3,9953,70161,PersonalRetirement,KidEducation,HomeSafe,driving,KidsEdu,yes,3.195092885,101.7628535
20,female,single,frequent,pub_goer,english,Bachelor,malay,others,yes,selfEmployed,maxis,flat,3,3802,168213,PersonalMedical,KidSaving,HomeSafe,driving,NoMoneyDown,yes,3.146350341,101.7665175
41,male,single,frequent,pub_goer,mandarin,Bachelor,indian,Malaysian,yes,selfEmployed,maxis,terrace,3,2930,94596,PersonalSaving,KidMedical,HomeSafe,driving,KidsEdu,yes,3.141647691,101.6679843
20,male,married,sometimes,home,mandarin,Bachelor,malay,Malaysian,yes,selfEmployed,maxis,condominium,3,9197,156482,PersonalRetirement,KidEducation,HomeSafe,publicTransport,KidsEdu,yes,3.202038109,101.6757413
34,female,married,frequent,home,malay,Diploma,malay,Malaysian,yes,selfEmployed,digi,condominium,2,3332,165583,PersonalRetirement,KidSaving,HomeSafe,driving,KidsEdu,no,3.160304413,101.6931031
23,male,single,frequent,home,english,Bachelor,chinese,Malaysian,yes,selfEmployed,maxis,condominium,3,3465,172504,PersonalMedical,KidSaving,HomeSafe,publicTransport,NoMoneyDown,no,3.093945524,101.6285421
40,male,single,frequent,home,malay,Bachelor,malay,Malaysian,yes,employer,maxis,condominium,2,5308,116920,PersonalMedical,KidEducation,HomeSafe,driving,KidsEdu,no,3.154728913,101.6720397
24,male,single,frequent,outdoor,malay,Diploma,indian,Malaysian,yes,selfEmployed,maxis,flat,2,9203,139837,PersonalRetirement,KidEducation,HomeSafe,driving,KidsEdu,no,3.199640983,101.6774124
18,male,married,frequent,outdoor,mandarin,Bachelor,malay,Malaysian,yes,privateEemployee,digi,flat,3,6612,196294,PersonalMedical,KidEducation,COVIDFree,driving,KidsEdu,yes,3.196393412,101.6866198
33,male,married,frequent,outdoor,english,Diploma,chinese,Malaysian,no,privateEemployee,umobile,flat,2,9818,196455,PersonalSaving,KidMedical,HomeSafe,driving,KidsEdu,no,3.165506014,101.7361115
22,male,married,once_in_a_while,home,english,Bachelor,indian,Malaysian,no,privateEemployee,celcom,terrace,3,5048,54286,PersonalMedical,KidMedical,HomeSafe,publicTransport,NoMoneyDown,yes,3.211714618,101.7355364
37,male,married,frequent,home,malay,Diploma,chinese,Malaysian,yes,govServant,celcom,condominium,2,7397,93633,PersonalMedical,KidMedical,HomeSafe,publicTransport,NoMoneyDown,yes,3.137631944,101.6549061
23,male,married,frequent,home,malay,Bachelor,chinese,Malaysian,no,privateEemployee,umobile,terrace,3,2876,193321,PersonalRetirement,KidEducation,HomeSafe,publicTransport,KidsEdu,yes,3.207416407,101.718687
36,female,single,frequent,pub_goer,english,Diploma,malay,Malaysian,no,govServant,maxis,condominium,2,4617,193429,PersonalMedical,KidEducation,HomeSafe,driving,KidsEdu,yes,3.197488635,101.7193135
18,male,married,sometimes,outdoor,english,Diploma,indian,Malaysian,yes,govServant,digi,bungalow,2,10189,178658,PersonalMedical,KidSaving,HomeSafe,publicTransport,KidsEdu,no,3.187119542,101.6861654
21,female,single,once_in_a_while,home,malay,Bachelor,indian,Malaysian,yes,privateEemployee,maxis,terrace,2,8790,89145,PersonalMedical,KidEducation,HomeSafe,driving,KidsEdu,yes,3.212519513,101.6331447
35,male,single,sometimes,home,malay,Bachelor,malay,Malaysian,yes,privateEemployee,celcom,flat,2,9480,170650,PersonalMedical,KidMedical,HomeSafe,driving,KidsEdu,yes,3.137173778,101.6617604
23,female,single,frequent,home,malay,Bachelor,indian,Malaysian,yes,govServant,digi,terrace,2,5737,187518,PersonalMedical,KidEducation,COVIDFree,driving,KidsEdu,no,3.199739343,101.7153287
26,female,single,frequent,home,english,Bachelor,indian,Malaysian,no,privateEemployee,maxis,terrace,3,2982,199460,PersonalMedical,KidSaving,HomeSafe,publicTransport,KidsEdu,no,3.103672815,101.6638331
37,male,married,frequent,home,english,Diploma,chinese,Malaysian,no,privateEemployee,maxis,flat,2,9927,195004,PersonalMedical,KidMedical,HomeSafe,driving,KidsEdu,no,3.156852324,101.6748805
23,female,single,sometimes,home,malay,Bachelor,indian,Malaysian,yes,privateEemployee,maxis,condominium,2,3495,174460,PersonalMedical,KidSaving,COVIDFree,publicTransport,KidsEdu,no,3.125627462,101.7561977
21,male,single,once_in_a_while,pub_goer,mandarin,Bachelor,others,Malaysian,yes,govServant,maxis,bungalow,2,7220,129813,PersonalSaving,KidSaving,COVIDFree,publicTransport,NoMoneyDown,no,3.19879029,101.6406133
22,female,single,once_in_a_while,home,malay,Bachelor,malay,others,yes,privateEemployee,umobile,terrace,2,9443,53804,PersonalMedical,KidEducation,HomeSafe,driving,KidsEdu,no,3.174515899,101.7283257
18,male,single,once_in_a_while,home,malay,Diploma,indian,Malaysian,no,selfEmployed,digi,condominium,2,9976,184209,PersonalSaving,KidSaving,COVIDFree,driving,KidsEdu,yes,3.195012095,101.7109065
18,male,married,frequent,home,malay,Master,chinese,others,no,privateEemployee,umobile,terrace,2,2575,128976,PersonalSaving,KidEducation,HomeSafe,driving,KidsEdu,yes,3.145573755,101.7402193
30,female,married,once_in_a_while,home,mandarin,Bachelor,chinese,Malaysian,no,privateEemployee,maxis,condominium,3,4113,57818,PersonalMedical,KidMedical,HomeSafe,publicTransport,KidsEdu,yes,3.201131392,101.6978543
36,male,single,sometimes,home,malay,Diploma,indian,Malaysian,yes,privateEemployee,celcom,flat,2,8394,73602,PersonalSaving,KidMedical,HomeSafe,driving,KidsEdu,yes,3.172353361,101.6445593
34,female,married,once_in_a_while,pub_goer,malay,Bachelor,chinese,Malaysian,no,privateEemployee,maxis,flat,3,9150,145315,PersonalRetirement,KidMedical,HomeSafe,driving,KidsEdu,no,3.088048726,101.6749154
22,female,married,once_in_a_while,pub_goer,english,Master,indian,Malaysian,yes,govServant,digi,condominium,2,10162,175104,PersonalRetirement,KidEducation,COVIDFree,driving,KidsEdu,yes,3.132847206,101.649395
37,female,single,frequent,outdoor,english,Diploma,others,Malaysian,yes,govServant,umobile,condominium,3,6469,170156,PersonalSaving,KidMedical,COVIDFree,publicTransport,KidsEdu,yes,3.155787906,101.7300175
33,female,single,frequent,pub_goer,english,Bachelor,malay,Malaysian,yes,selfEmployed,maxis,condominium,3,6297,148206,PersonalRetirement,KidMedical,HomeSafe,driving,KidsEdu,no,3.213873131,101.7003376
31,female,single,frequent,pub_goer,malay,Bachelor,malay,Malaysian,yes,privateEemployee,maxis,condominium,3,5671,134450,PersonalMedical,KidSaving,COVIDFree,driving,NoMoneyDown,no,3.150234224,101.640822
33,male,married,sometimes,outdoor,malay,Bachelor,indian,Malaysian,no,govServant,umobile,flat,2,5565,139390,PersonalMedical,KidSaving,HomeSafe,driving,KidsEdu,yes,3.113692381,101.7556021
25,female,single,sometimes,outdoor,english,Bachelor,chinese,Malaysian,yes,govServant,umobile,condominium,2,7830,156656,PersonalRetirement,KidEducation,COVIDFree,driving,KidsEdu,no,3.135050028,101.6580288
30,male,single,sometimes,outdoor,english,Bachelor,indian,Malaysian,yes,privateEemployee,maxis,flat,3,8284,134147,PersonalSaving,KidMedical,COVIDFree,driving,KidsEdu,yes,3.214903259,101.6820542
34,male,married,sometimes,pub_goer,malay,Bachelor,others,Malaysian,yes,privateEemployee,maxis,bungalow,2,5659,167849,PersonalMedical,KidEducation,COVIDFree,publicTransport,KidsEdu,no,3.212864665,101.6612491
30,male,single,frequent,pub_goer,english,Bachelor,indian,Malaysian,yes,employer,digi,condominium,3,7734,70117,PersonalSaving,KidMedical,HomeSafe,driving,KidsEdu,yes,3.182842529,101.6385964
32,male,single,frequent,outdoor,english,Bachelor,indian,Malaysian,no,privateEemployee,umobile,flat,3,3956,90394,PersonalRetirement,KidSaving,HomeSafe,driving,NoMoneyDown,yes,3.167868253,101.6856884
43,male,single,sometimes,pub_goer,english,Master,indian,others,no,privateEemployee,umobile,flat,3,5352,126122,PersonalSaving,KidSaving,HomeSafe,driving,KidsEdu,yes,3.20615631,101.7466116
29,male,married,frequent,home,english,Bachelor,indian,Malaysian,yes,selfEmployed,maxis,bungalow,3,3036,159155,PersonalMedical,KidEducation,HomeSafe,publicTransport,KidsEdu,no,3.197783293,101.6282569
19,female,married,frequent,outdoor,english,Bachelor,others,Malaysian,yes,selfEmployed,umobile,condominium,3,4217,103715,PersonalSaving,KidEducation,HomeSafe,driving,KidsEdu,yes,3.100475729,101.7216898
35,male,single,sometimes,outdoor,english,Bachelor,malay,Malaysian,yes,privateEemployee,maxis,bungalow,2,8408,152796,PersonalSaving,KidMedical,HomeSafe,publicTransport,KidsEdu,no,3.186779241,101.6940548
30,female,single,once_in_a_while,outdoor,mandarin,Diploma,malay,others,yes,privateEemployee,maxis,terrace,3,5932,191778,PersonalMedical,KidMedical,HomeSafe,driving,KidsEdu,yes,3.146598672,101.711989
25,male,married,sometimes,pub_goer,mandarin,Master,chinese,Malaysian,no,govServant,celcom,terrace,2,4399,101130,PersonalMedical,KidEducation,COVIDFree,driving,KidsEdu,yes,3.102570364,101.719426
38,male,single,sometimes,pub_goer,malay,Bachelor,indian,Malaysian,yes,privateEemployee,maxis,flat,3,4115,58418,PersonalMedical,KidSaving,COVIDFree,publicTransport,NoMoneyDown,yes,3.105272058,101.6826187
44,male,single,frequent,outdoor,mandarin,Bachelor,chinese,Malaysian,yes,privateEemployee,digi,terrace,3,3950,124009,PersonalSaving,KidEducation,COVIDFree,driving,KidsEdu,no,3.128963638,101.693179
23,male,married,sometimes,pub_goer,malay,Bachelor,malay,Malaysian,yes,govServant,digi,flat,3,6734,183536,PersonalSaving,KidSaving,HomeSafe,driving,NoMoneyDown,no,3.091050224,101.6544912
30,male,single,sometimes,pub_goer,malay,Master,others,Malaysian,yes,selfEmployed,digi,terrace,3,6310,147680,PersonalSaving,KidEducation,HomeSafe,driving,KidsEdu,yes,3.176604824,101.7197472
39,female,single,sometimes,home,english,Bachelor,others,Malaysian,no,privateEemployee,digi,flat,3,3706,103156,PersonalSaving,KidEducation,HomeSafe,driving,NoMoneyDown,no,3.155743723,101.7349269
23,female,single,sometimes,pub_goer,mandarin,Bachelor,malay,Malaysian,no,privateEemployee,celcom,terrace,3,6021,97647,PersonalMedical,KidSaving,COVIDFree,driving,KidsEdu,yes,3.164385487,101.6917612
29,male,married,sometimes,pub_goer,malay,Bachelor,others,Malaysian,yes,govServant,digi,bungalow,3,10058,70920,PersonalMedical,KidMedical,HomeSafe,driving,KidsEdu,yes,3.159732337,101.6556906
26,female,single,sometimes,home,malay,Master,others,Malaysian,yes,privateEemployee,digi,flat,3,7985,162296,PersonalRetirement,KidMedical,HomeSafe,driving,NoMoneyDown,no,3.213793716,101.7289805
22,male,single,sometimes,outdoor,malay,Bachelor,malay,Malaysian,yes,selfEmployed,umobile,flat,3,3973,76028,PersonalSaving,KidSaving,HomeSafe,driving,KidsEdu,yes,3.168094949,101.6447389
20,male,married,once_in_a_while,pub_goer,english,PhD,chinese,Malaysian,yes,selfEmployed,digi,terrace,3,10168,192819,PersonalSaving,KidEducation,COVIDFree,publicTransport,KidsEdu,no,3.10818189,101.709883
21,male,single,once_in_a_while,outdoor,malay,Bachelor,indian,Malaysian,no,govServant,digi,flat,3,4331,81866,PersonalMedical,KidMedical,HomeSafe,publicTransport,KidsEdu,no,3.123680196,101.7208664
26,male,single,frequent,outdoor,malay,Bachelor,others,Malaysian,no,selfEmployed,maxis,condominium,3,4697,183639,PersonalMedical,KidSaving,COVIDFree,driving,KidsEdu,no,3.171407164,101.6941433
23,male,single,frequent,home,malay,Bachelor,chinese,others,yes,employer,maxis,condominium,3,9209,129975,PersonalRetirement,KidMedical,COVIDFree,driving,NoMoneyDown,yes,3.094080434,101.6378743
21,male,single,frequent,pub_goer,malay,Bachelor,indian,Malaysian,yes,employer,umobile,condominium,3,8568,108357,PersonalRetirement,KidMedical,HomeSafe,publicTransport,KidsEdu,yes,3.099559306,101.6764982
37,female,married,once_in_a_while,pub_goer,english,Master,indian,Malaysian,no,govServant,umobile,flat,3,8855,169716,PersonalSaving,KidSaving,HomeSafe,driving,KidsEdu,yes,3.100546262,101.7409355
41,male,single,frequent,pub_goer,mandarin,Bachelor,chinese,Malaysian,yes,privateEemployee,umobile,condominium,2,8715,106367,PersonalRetirement,KidEducation,COVIDFree,driving,KidsEdu,no,3.155661793,101.6672034
25,male,single,frequent,home,english,Bachelor,others,Malaysian,no,govServant,umobile,flat,2,3405,112805,PersonalMedical,KidMedical,COVIDFree,publicTransport,NoMoneyDown,no,3.122068795,101.6817767
30,female,married,frequent,pub_goer,english,Bachelor,others,Malaysian,yes,govServant,digi,flat,3,5685,75075,PersonalRetirement,KidMedical,HomeSafe,publicTransport,KidsEdu,yes,3.169151186,101.694316
29,female,married,frequent,home,malay,Bachelor,chinese,Malaysian,no,privateEemployee,digi,condominium,3,10283,128394,PersonalMedical,KidSaving,COVIDFree,driving,KidsEdu,no,3.206891683,101.6843923
36,male,married,sometimes,pub_goer,malay,Bachelor,chinese,Malaysian,yes,govServant,celcom,terrace,3,2539,52375,PersonalRetirement,KidMedical,COVIDFree,driving,NoMoneyDown,yes,3.203862168,101.7459968
42,female,single,frequent,outdoor,malay,Diploma,indian,Malaysian,yes,privateEemployee,digi,flat,2,6835,150017,PersonalSaving,KidMedical,HomeSafe,driving,NoMoneyDown,yes,3.091673092,101.6864971
38,female,married,sometimes,outdoor,english,Diploma,malay,Malaysian,no,selfEmployed,digi,condominium,2,4513,144379,PersonalMedical,KidMedical,COVIDFree,driving,KidsEdu,yes,3.163001161,101.6399983
36,female,married,frequent,outdoor,mandarin,Bachelor,malay,Malaysian,no,govServant,umobile,flat,3,3914,74267,PersonalMedical,KidMedical,COVIDFree,driving,KidsEdu,no,3.107544465,101.7341827
29,male,single,frequent,home,mandarin,Bachelor,indian,Malaysian,yes,selfEmployed,digi,condominium,3,4730,166724,PersonalRetirement,KidEducation,COVIDFree,driving,KidsEdu,no,3.146618655,101.7298002
33,male,single,sometimes,home,malay,Bachelor,indian,Malaysian,yes,privateEemployee,digi,condominium,3,8837,149524,PersonalRetirement,KidEducation,HomeSafe,driving,KidsEdu,yes,3.208898309,101.6487061
35,male,single,frequent,outdoor,malay,Bachelor,chinese,Malaysian,no,govServant,maxis,condominium,3,3456,189522,PersonalSaving,KidMedical,COVIDFree,driving,KidsEdu,yes,3.127337396,101.6957577
41,male,single,frequent,home,malay,Master,chinese,Malaysian,no,privateEemployee,maxis,condominium,2,7452,146951,PersonalSaving,KidSaving,COVIDFree,driving,KidsEdu,yes,3.190635696,101.6979308
44,female,single,sometimes,outdoor,english,Bachelor,indian,others,no,govServant,maxis,terrace,3,9385,146171,PersonalMedical,KidEducation,HomeSafe,publicTransport,KidsEdu,yes,3.16059364,101.7275947
43,male,married,sometimes,pub_goer,mandarin,PhD,chinese,Malaysian,yes,privateEemployee,umobile,condominium,3,8112,176417,PersonalMedical,KidMedical,COVIDFree,driving,KidsEdu,yes,3.191555174,101.7106568
41,female,married,once_in_a_while,pub_goer,malay,Bachelor,chinese,Malaysian,yes,govServant,digi,terrace,3,10111,128292,PersonalSaving,KidMedical,HomeSafe,driving,KidsEdu,yes,3.124969455,101.7575137
33,male,single,once_in_a_while,pub_goer,english,Bachelor,malay,Malaysian,yes,selfEmployed,digi,condominium,3,7883,133292,PersonalRetirement,KidEducation,HomeSafe,driving,NoMoneyDown,no,3.212025232,101.7064864
43,female,married,frequent,pub_goer,malay,Bachelor,malay,Malaysian,no,privateEemployee,umobile,terrace,2,2782,198642,PersonalMedical,KidEducation,COVIDFree,publicTransport,KidsEdu,yes,3.099712998,101.7487284
19,male,single,frequent,pub_goer,english,Diploma,malay,Malaysian,yes,privateEemployee,digi,flat,2,6681,123272,PersonalSaving,KidMedical,COVIDFree,driving,KidsEdu,no,3.110404445,101.7448013
41,female,married,once_in_a_while,home,malay,Bachelor,indian,Malaysian,no,privateEemployee,celcom,condominium,2,5033,183061,PersonalSaving,KidSaving,COVIDFree,driving,KidsEdu,no,3.139985048,101.6353043
28,male,single,sometimes,home,malay,Bachelor,others,Malaysian,yes,govServant,digi,condominium,3,8636,48307,PersonalRetirement,KidMedical,COVIDFree,publicTransport,KidsEdu,no,3.147183184,101.7640984
27,male,married,frequent,home,malay,Bachelor,chinese,Malaysian,yes,govServant,maxis,terrace,2,2695,81405,PersonalRetirement,KidSaving,COVIDFree,driving,KidsEdu,yes,3.112158303,101.7285441
42,male,single,once_in_a_while,pub_goer,mandarin,Bachelor,chinese,Malaysian,yes,privateEemployee,maxis,terrace,3,4024,159773,PersonalSaving,KidEducation,HomeSafe,driving,KidsEdu,no,3.120716164,101.6541259
25,female,married,frequent,pub_goer,malay,Bachelor,malay,Malaysian,yes,selfEmployed,digi,condominium,3,9401,69941,PersonalSaving,KidSaving,HomeSafe,driving,KidsEdu,yes,3.13086401,101.7640205
33,male,single,once_in_a_while,pub_goer,malay,Diploma,malay,Malaysian,yes,privateEemployee,celcom,flat,3,2954,75372,PersonalSaving,KidMedical,HomeSafe,driving,NoMoneyDown,yes,3.114264668,101.6304255
34,male,single,once_in_a_while,home,english,Diploma,others,Malaysian,yes,privateEemployee,maxis,condominium,3,10335,101425,PersonalMedical,KidEducation,COVIDFree,driving,KidsEdu,no,3.139023589,101.7503852
30,female,married,once_in_a_while,home,malay,Master,indian,Malaysian,no,privateEemployee,umobile,flat,3,4602,145775,PersonalRetirement,KidEducation,COVIDFree,publicTransport,KidsEdu,yes,3.133214676,101.6464031
35,male,married,frequent,home,english,Bachelor,malay,others,no,selfEmployed,celcom,terrace,3,2792,129264,PersonalRetirement,KidEducation,COVIDFree,publicTransport,KidsEdu,no,3.12722477,101.6316228
19,female,single,frequent,home,english,Bachelor,malay,Malaysian,yes,privateEemployee,maxis,terrace,3,2610,107095,PersonalSaving,KidMedical,HomeSafe,driving,KidsEdu,yes,3.141199023,101.7498844
41,male,single,sometimes,home,english,Bachelor,chinese,Malaysian,no,privateEemployee,digi,flat,3,9180,151700,PersonalMedical,KidEducation,HomeSafe,publicTransport,KidsEdu,yes,3.118345193,101.6929441
41,female,married,frequent,home,english,Bachelor,chinese,others,no,selfEmployed,umobile,flat,3,8195,75949,PersonalSaving,KidSaving,COVIDFree,driving,NoMoneyDown,yes,3.129200951,101.7575634
20,male,married,once_in_a_while,outdoor,malay,Bachelor,others,others,yes,govServant,maxis,flat,3,2973,172705,PersonalRetirement,KidMedical,HomeSafe,publicTransport,KidsEdu,no,3.114825174,101.7652075
19,male,married,frequent,home,malay,Bachelor,chinese,Malaysian,no,selfEmployed,digi,condominium,3,3677,119235,PersonalMedical,KidSaving,HomeSafe,driving,KidsEdu,no,3.09888675,101.6516039
42,female,single,once_in_a_while,home,english,Master,chinese,others,yes,privateEemployee,maxis,flat,3,10353,62391,PersonalMedical,KidMedical,HomeSafe,driving,KidsEdu,yes,3.126754215,101.6559564
26,male,single,sometimes,outdoor,mandarin,Master,indian,Malaysian,yes,privateEemployee,celcom,flat,3,2622,49437,PersonalSaving,KidEducation,HomeSafe,driving,NoMoneyDown,no,3.172872225,101.757778
25,male,single,sometimes,home,malay,Bachelor,chinese,others,yes,privateEemployee,maxis,terrace,3,4697,99404,PersonalMedical,KidMedical,COVIDFree,driving,KidsEdu,no,3.135012254,101.6335634
18,male,married,frequent,pub_goer,english,Bachelor,malay,Malaysian,yes,selfEmployed,celcom,condominium,3,9848,48411,PersonalSaving,KidMedical,COVIDFree,driving,NoMoneyDown,yes,3.164054266,101.6718148
44,female,married,frequent,home,mandarin,Bachelor,malay,Malaysian,yes,govServant,celcom,condominium,3,5229,89980,PersonalSaving,KidMedical,COVIDFree,publicTransport,KidsEdu,yes,3.089265636,101.7364926
43,female,single,frequent,outdoor,mandarin,Master,others,Malaysian,no,selfEmployed,celcom,flat,3,9705,120219,PersonalMedical,KidMedical,COVIDFree,driving,KidsEdu,yes,3.185525137,101.6894269
27,female,single,once_in_a_while,pub_goer,english,Bachelor,others,Malaysian,yes,privateEemployee,celcom,terrace,3,6492,134527,PersonalSaving,KidMedical,HomeSafe,driving,KidsEdu,no,3.137402209,101.725162
41,male,single,frequent,pub_goer,mandarin,Bachelor,chinese,Malaysian,yes,govServant,digi,terrace,2,10361,77564,PersonalRetirement,KidMedical,COVIDFree,driving,KidsEdu,yes,3.215548289,101.7066856
34,female,married,sometimes,home,malay,Bachelor,malay,Malaysian,yes,privateEemployee,digi,terrace,3,9138,159629,PersonalSaving,KidEducation,COVIDFree,driving,KidsEdu,yes,3.165534824,101.7455771
28,male,married,once_in_a_while,home,english,Bachelor,indian,Malaysian,no,employer,digi,terrace,2,8149,187347,PersonalMedical,KidMedical,HomeSafe,publicTransport,NoMoneyDown,yes,3.174926106,101.7477484
19,male,single,sometimes,home,mandarin,Bachelor,chinese,Malaysian,yes,privateEemployee,celcom,condominium,3,2951,86536,PersonalSaving,KidEducation,HomeSafe,driving,KidsEdu,no,3.204557765,101.6456605
21,male,single,once_in_a_while,home,malay,Bachelor,others,Malaysian,yes,privateEemployee,umobile,flat,3,6092,124691,PersonalMedical,KidSaving,HomeSafe,driving,KidsEdu,yes,3.144050898,101.6979967
25,female,single,frequent,pub_goer,english,Master,indian,Malaysian,yes,govServant,umobile,condominium,3,8543,188884,PersonalMedical,KidSaving,COVIDFree,publicTransport,KidsEdu,no,3.152638712,101.7073082
29,female,single,sometimes,pub_goer,malay,Diploma,malay,others,yes,selfEmployed,umobile,flat,3,6119,138521,PersonalMedical,KidMedical,COVIDFree,publicTransport,KidsEdu,yes,3.127283182,101.7451142
28,male,single,frequent,pub_goer,english,Bachelor,chinese,Malaysian,no,govServant,maxis,terrace,2,3864,124302,PersonalRetirement,KidMedical,HomeSafe,driving,KidsEdu,yes,3.091798888,101.7241989
40,female,single,sometimes,home,english,Bachelor,others,others,no,govServant,maxis,bungalow,3,9174,59882,PersonalMedical,KidMedical,HomeSafe,publicTransport,KidsEdu,yes,3.146892996,101.7598343
20,female,single,frequent,pub_goer,malay,Bachelor,others,Malaysian,yes,selfEmployed,maxis,terrace,3,5458,129754,PersonalSaving,KidSaving,COVIDFree,driving,KidsEdu,yes,3.192676251,101.6744997
25,male,single,frequent,home,english,Bachelor,malay,others,yes,employer,maxis,condominium,3,9427,126192,PersonalSaving,KidMedical,HomeSafe,driving,NoMoneyDown,no,3.198638036,101.6534149
18,female,single,sometimes,home,english,Diploma,chinese,Malaysian,no,selfEmployed,umobile,flat,3,9050,117049,PersonalMedical,KidMedical,HomeSafe,driving,KidsEdu,yes,3.149660789,101.7094345
25,female,married,frequent,home,malay,Bachelor,others,others,yes,privateEemployee,digi,flat,3,3457,167021,PersonalSaving,KidSaving,COVIDFree,publicTransport,NoMoneyDown,no,3.107194051,101.7549842
24,female,married,sometimes,pub_goer,english,Bachelor,malay,Malaysian,no,selfEmployed,digi,bungalow,3,2603,145049,PersonalMedical,KidSaving,COVIDFree,driving,NoMoneyDown,yes,3.116741057,101.6984629
30,male,married,frequent,home,english,Bachelor,chinese,Malaysian,no,govServant,maxis,terrace,3,3159,57762,PersonalSaving,KidSaving,COVIDFree,driving,NoMoneyDown,yes,3.157021093,101.6458495
28,male,married,sometimes,pub_goer,malay,Master,chinese,others,yes,selfEmployed,umobile,condominium,3,8637,123980,PersonalMedical,KidEducation,HomeSafe,publicTransport,KidsEdu,yes,3.158635526,101.6808887
35,male,married,once_in_a_while,home,english,Master,malay,others,yes,selfEmployed,maxis,bungalow,2,7152,133925,PersonalSaving,KidEducation,HomeSafe,driving,KidsEdu,no,3.176734153,101.7183401
28,male,single,once_in_a_while,home,mandarin,Diploma,chinese,Malaysian,yes,govServant,digi,condominium,2,7729,69973,PersonalRetirement,KidEducation,HomeSafe,driving,NoMoneyDown,yes,3.105919165,101.6289063
32,female,single,once_in_a_while,outdoor,malay,Bachelor,others,Malaysian,yes,selfEmployed,digi,terrace,2,8215,146743,PersonalMedical,KidEducation,COVIDFree,driving,NoMoneyDown,no,3.134437301,101.6452953
41,male,single,once_in_a_while,home,english,Master,others,Malaysian,yes,govServant,maxis,terrace,3,10296,155469,PersonalRetirement,KidEducation,HomeSafe,driving,KidsEdu,no,3.203023977,101.7029881
23,male,single,frequent,outdoor,malay,Bachelor,others,Malaysian,yes,privateEemployee,digi,flat,3,4494,76913,PersonalRetirement,KidSaving,COVIDFree,driving,KidsEdu,yes,3.130888014,101.6889083